COUNTYGEOID,000050000,000051036,000051218,000051285,000051752,000051796,000052517,000052686,000052857,000053963,000055185,000055210,000055389,000055630,000056235,000056359,000056382,000057147,000057330,000057410,000057578,000057749,000058899,000059892,000060093,000060117,000060344,000060355,000060515,000061825,000062533,000062555,000062566,000062737,000062748,000062759,000063252,000064186,000064675,000064755,000067561,000067630,000067641,000067663,000067721,000068122,000068768,000070304,000071363,000071432,000071556,000072435,000072571,000074839,000074851,000074873,000074884,000074908,000074953,000075003,000075014,000075025,000075058,000075070,000075092,000075150,000075218,000075252,000075274,000075343,000075354,000075434,000075445,000075456,000075525,000075558,000075569,000075638,000075650,000075683,000075694,000075718,000075729,000075865,000075887,000076017,000076028,000076062,000076131,000076142,000076153,000076448,000076879,000077098,000077474,000077736,000077781,000078488,000078795,000078842,000078875,000078886,000078922,000078933,000079005,000079016,000079061,000079107,000079118,000079196,000079210,000079221,000079345,000079447,000079469,000079947,000080057,000080159,000080626,000081072,000081492,000081889,000082280,000082688,000084662,000084742,000085018,000085449,000085687,000086306,000087627,000087683,000087865,000088062,000088722,000088755,000088857,000088891,000090040,000090437,000090948,000091087,000091203,000091225,000091236,000091598,000091941,000092524,000092671,000092875,000092933,000093152,000093652,000094111,000094360,000094586,000094597,000094746,000094757,000094804,000094826,000095476,000095487,000095501,000095534,000095545,000095636,000095692,000095807,000095954,000096093,000096128,000096184,000096333,000096457,000097234,000097563,000098077,000098828,000098862,000098873,000098884,000098953,000099309,000099558,000099592,000099650,000100016,000100027,000100210,000100254,000100414,000100425,000100447,000100754,000101053,000101144,000101611,000101688,000101779,000101804,000101906,000103231,000104121,000104949,000105679,000106423,000106445,000106467,000106478,000106503,000106514,000106887,000106898,000106934,000106945,000106990,000107028,000107051,000107062,000107119,000107131,000107186,000107197,000107211,000107302,000108054,000108101,000108316,000108383,000108394,000108452,000108601,000108781,000108883,000108907,000108930,000108952,000109068,000109773,000109864,000110009,000110543,000110576,000110805,000110827,000110861,000111422,000111444,000111911,000114261,000115071,000115286,000115322,000116063,000116143,000117793,000117817,000117840,000118741,000119904,000119937,000120127,000120365,000120581,000120718,000120809,000120821,000120832,000121142,000121448,000121697,000121755,000122349,000122394,000122667,000123319,000123386,000123637,000123728,000123911,000124403,000124732,000126727,000126987,000126998,000127184,000128030,000128041,000128665,000131113,000131522,000132274,000132649,000133062,000133073,000133904,000134292,000134327,000135206,000136458,000137268,000137417,000137428,000138932,000139139,000139651,000140885,000141322,000142596,000148798,000149304,000150505,000150685,000151564,000156105,000156627,000191242,000298000,000300765,000301122,000302012,000306832,000309002,000314409,000319846,000330541,000330552,000333415,000334883,000353593,000354110,000354143,000354234,000354256,000357573,000422446,000422480,000422560,000431867,000460355,000463581,000465736,000492808,000505602,000507551,000509148,000510156,000528290,000532274,000533744,000534521,000540590,000541413,000541537,000541731,000542756,000542767,000542881,000554132,000556525,000556616,000563473,000569642,000576261,000584849,000593602,000594423,000606202,000608935,000612828,000612839,000615054,000615281,000621647,000624180,000624839,000630206,000636215,000639587,000680319,000684935,000709988,000759739,000759944,000764410,000812044,000834128,000842079,000872504,000924163,000924425,000957517,000961115,000989388,001114712,001120714,001134232,001163195,001310732,001313275,001314201,001319773,001320189,001328536,001330207,001332214,001335871,001336363,001344281,001464535,001563662,001582098,001634044,001649087,001689845,001689992,001717006,001836755,001861401,001897456,001910425,001912249,001918009,001918021,001918167,001928434,001929733,001929824,001937377,001982690,001983104,002032657,002155706,002164070,002164172,002212671,002234131,002300665,002303164,002303175,002312358,002439012,002439103,002524030,002602462,002650182,002655154,002699798,002702729,002832408,002837890,002971382,003118976,003296900,003383968,003653483,003761533,003844459,004080313,004170303,004549400,004680788,005234684,005598130,005902512,006459945,006484522,007287196,007429905,007439921,007439965,007439976,007440020,007440224,007440280,007440360,007440382,007440393,007440417,007440439,007440473,007440484,007440508,007440622,007440666,007550450,007632000,007637072,007647010,007664382,007664393,007664417,007664939,007696120,007697372,007723140,007726956,007757826,007758012,007782414,007782492,007782505,007783064,007783202,007786347,007803512,008001352,008001589,009006422,010028156,010034932,010049044,010061026,010294345,010453868,012122677,012427382,013194484,013356086,013463406,013463677,013474889,013684565,014302137,014484641,015972608,016071866,016543558,017804352,019044883,019666309,020325400,020354261,020816120,020859738,021087649,021725462,022781233,023564058,023564069,023950585,025311711,025321146,025321226,025376458,026002802,026471625,026628228,026644462,027314132,028057489,028249776,028407376,029082744,029232937,030560191,031218834,033089611,034014181,034077877,035367385,035400432,035554440,035691657,038727558,039156417,039300453,039515418,040487421,041198087,041766750,042874033,043121433,050471448,051235042,051338273,051630581,052645531,053404196,053404378,053404607,055290647,055406536,057213691,059669260,060168889,060207901,062476599,063938103,064902723,064969342,066441234,067485294,068085858,068359375,069409945,069806504,071751412,072178020,072490018,074051802,076578148,077501634,082657043,088671890,090454185,090982324,101200480,111512562,111984099,127564925,128903219,136013791,INVALID,MIXTURE,N010,N020,N040,N050,N078,N084,N090,N096,N100,N106,N120,N150,N171,N230,N270,N420,N450,N458,N495,N503,N511,N530,N535,N575,N583,N590,N725,N740,N746,N760,N770,N874,N982
25001,0.0,0.0,0.0,0.0,0.0,0.0,0.0,0.0,0.0,0.0,0.0,0.0,0.0,0.0,0.0,0.0,0.0,0.0,0.0,0.0,0.0,0.0,0.0,0.0,0.0,0.0,0.0,0.0,0.0,0.0,0.0,0.0,0.0,0.0,0.0,0.0,0.0,0.0,0.0,0.0,1061.4061458000003,0.0,0.0,0.0,0.0,0.0,0.0,0.0,0.0,0.0,10886.21688,0.0,0.0,0.0,0.0,0.0,0.0,0.0,0.0,0.0,0.0,0.0,0.0,0.0,0.0,0.0,0.0,0.0,0.0,0.0,0.0,0.0,0.0,0.0,0.0,0.0,0.0,0.0,0.0,0.0,0.0,0.0,0.0,0.0,0.0,0.0,0.0,0.0,9553.562496940001,0.0,0.0,0.0,0.0,0.0,0.0,0.0,0.0,0.0,0.0,0.0,0.0,0.0,0.0,0.0,0.0,0.0,0.0,0.0,0.0,0.0,0.0,0.0,0.0,0.0,0.0,0.0,0.0,0.0,0.0,0.0,0.0,0.0,0.0,0.0,0.0,0.0,0.0,0.0,0.0,0.0,0.0,0.0,0.0,0.0,0.0,0.0,0.0,0.0,0.0,0.0,0.0,0.0,70.34083677775001,0.0,0.0,0.0,0.0,0.0,0.0,0.0,0.0,0.0,0.0,0.0,0.0,0.0,0.0,0.0,0.0,0.0,0.0,0.0,0.0,0.0,0.0,0.0,0.0,0.0,0.0,0.0,0.0,0.0,0.0,0.0,0.0,0.0,0.0,0.0,0.0,0.0,0.0,0.0,0.0,0.0,0.0,0.0,0.0,0.0,0.0,0.0,0.0,0.0,0.0,0.0,0.0,0.0,0.0,0.0,0.0,0.0,0.0,0.0,0.0,0.0,0.0,0.0,0.0,0.0,0.0,0.0,0.0,0.0,0.0,0.0,0.0,0.0,0.0,0.0,0.0,0.0,0.0,0.0,0.0,0.0,0.0,0.0,0.0,0.0,0.0,0.0,0.0,0.0,0.0,0.0,0.0,0.0,0.0,0.0,0.0,0.0,0.0,0.0,454.49955474,0.0,0.0,0.0,0.0,0.0,0.0,0.0,0.0,0.0,0.0,0.0,0.0,0.0,0.0,0.0,0.0,0.0,0.0,0.0,0.0,0.0,0.0,0.0,0.0,0.0,0.0,0.0,0.0,0.0,0.0,0.0,0.0,0.0,0.0,0.0,0.0,0.0,0.0,0.0,0.0,0.0,0.0,0.0,0.0,0.0,0.0,0.0,0.0,0.0,0.0,0.0,0.0,0.0,0.0,0.0,0.0,0.0,0.0,0.0,0.0,0.0,0.0,0.0,0.0,0.0,0.0,0.0,0.0,0.0,0.0,0.0,0.0,0.0,0.0,1.043262451,0.0,0.0,0.0,0.0,0.0,0.0,0.0,0.0,0.0,0.0,0.0,0.0,0.0,0.0,0.0,0.0,0.0,0.0,0.0,0.0,0.0,0.0,0.0,0.0,0.0,0.0,0.0,0.0,0.0,0.0,0.0,0.0,0.0,0.0,0.0,0.0,0.0,0.0,0.0,0.0,0.0,0.0,0.0,0.0,0.0,0.0,0.0,0.0,0.0,0.0,0.0,0.0,0.0,0.0,0.0,0.0,0.0,0.0,0.0,0.0,0.0,0.0,0.0,0.0,0.0,0.0,0.0,0.0,0.0,0.0,0.0,0.0,0.0,0.0,0.0,0.0,0.0,0.0,0.0,0.0,0.0,0.0,0.0,0.0,0.0,0.0,0.0,0.0,0.0,0.0,0.0,0.0,0.0,0.0,0.0,0.0,0.0,0.0,0.0,0.0,0.0,0.0,0.0,0.0,0.0,0.0,0.0,0.0,0.0,0.0,0.0,0.0,0.0,0.0,0.0,0.0,0.0,0.0,0.0,0.0,0.0,0.0,0.0,0.0,0.0,0.0,0.0,0.0,0.0,0.0,0.0,0.0,0.0,0.0,0.0,0.0,0.0,0.0,0.0,0.0,0.0,0.0,0.0,0.0,0.0,0.0,0.0,0.0,0.0,0.0,0.0,0.0,395.45588952947,0.0,0.0,0.0,0.0,0.0,0.0,0.0,0.0,0.0,0.0,0.0,0.0,0.0,0.0,0.0,0.0,0.0,0.0,495074.75301360997,0.0,0.0,40756.63522161001,982445.23962277,0.0,0.0,0.0,0.0,0.0,0.0,0.0,0.0,0.0,0.0,0.0,0.0,0.0,0.0,0.0,0.0,0.0,0.0,0.0,0.0,0.0,0.0,0.0,0.0,0.0,0.0,0.0,0.0,0.0,0.0,0.0,0.0,0.0,0.0,0.0,0.0,0.0,0.0,0.0,0.0,0.0,0.0,0.0,0.0,0.0,0.0,0.0,0.0,0.0,0.0,0.0,0.0,0.0,0.0,0.0,0.0,0.0,0.0,0.0,0.0,0.0,0.0,0.0,0.0,0.0,0.0,0.0,0.0,0.0,0.0,0.0,0.0,0.0,0.0,0.0,0.0,0.0,0.0,0.0,0.0,0.0,0.0,0.0,0.0,0.0,0.0,0.0,0.0,0.0,0.0,0.0,0.0,0.0,0.0,0.0,0.0,0.0,0.0,0.0,0.0,0.0,0.0,0.0,0.0,0.0,0.0,0.0,0.0,0.0,0.0,0.0,0.0,0.0,0.0,0.0,0.0,0.0,0.0,0.0,0.0,0.0,0.0,0.0,0.0,0.0,0.0,0.0,0.0,0.0,0.0,0.0,0.0,0.0,0.0210983,0.0,0.0,0.0,3773.65990784552,0.0,62.867902482000005,122374.23190993002,0.0,0.0,0.0,0.0,0.0,0.0,17.5630965664,0.0,0.0,0.0,0.0,175760.69308182,0.0,76692.94432723
25003,518583.67444368097,0.0,0.0,0.0,0.0,0.0,0.0,0.0,0.0,0.0,0.0,0.0,0.0,0.0,0.0,0.0,0.0,0.0,0.0,0.0,0.0,0.0,0.0,0.0,0.0,0.0,0.0,0.0,0.0,0.0,0.0,0.0,0.0,0.0,0.0,0.0,0.0,747.97381813,0.0,0.0,73623.93835181,0.0,0.0,66553.79408062,0.0,0.0,0.0,0.0,0.0,75.74992579,184369.42267205,0.0,0.0,0.0,0.0,0.0,0.0,0.0,0.0,0.0,0.0,0.0,0.0,0.0,755418.62969881,0.0,0.0,0.0,0.0,0.0,0.0,0.0,0.0,0.0,0.0,0.0,0.0,0.0,0.0,0.0,0.0,0.0,0.0,0.0,0.0,0.0,0.0,0.0,124686.64581218999,0.0,0.0,0.0,0.0,0.0,0.0,0.0,0.0,0.0,0.0,0.0,0.0,0.0,0.0,9162.565874,0.0,233458.09613818998,0.0,0.0,0.0,0.0,0.0,0.0,0.0,0.0,0.0,0.0,903.1024086699999,0.0,0.0,0.0,0.0,0.0,0.0,0.0,0.0,0.0,0.0,0.0,0.0,0.0,0.0,0.0,0.0,0.0,0.0,0.0,0.0,0.0,0.0,0.0,0.0,0.0,187.91878296730002,0.0,0.0,0.0,0.0,0.0,0.0,0.0,0.0,0.0,0.0,0.0,0.0,0.0,0.0,0.0,0.0,0.0,0.0,0.0,0.0,2985.5449793400003,0.0,0.0,185.55103079590003,0.0,0.0,0.0,0.0,0.0,0.0,0.0,0.0,0.0,0.0,0.0,19.958064280000002,1351.7052626,0.0,0.0,0.0,0.0,0.0,0.0,0.0,0.0,0.0,0.0,0.0,185.86854545490002,0.0,0.0,0.0,0.0,0.0,0.0,0.0,0.0,0.0,0.0,0.0,0.0,0.0,0.0,0.0,0.0,0.0,0.0,0.0,0.0,0.0,0.0,0.0,0.0,0.0,0.0,0.0,0.0,0.0,0.0,0.0,0.0,32017.72462119,0.0,0.0,18668.95476446,0.0,0.0,0.0,0.0,0.0,0.0,1362256.4198681286,0.0,0.0,296.64940998,0.0,0.0,11476.794145740001,0.0,20.588557674300002,0.0,0.0,333.84398432000006,0.0,0.0,0.0,0.0,0.0,0.0,0.0,0.0,0.0,0.0,0.0,0.0,0.0,0.0,0.0,0.0,0.0,0.0,0.0,0.0,0.0,0.0,0.0,0.0,0.0,0.0,0.0,0.0,0.0,0.0,0.0,0.0,0.0,0.0,0.0,0.0,0.0,0.0,0.0,0.0,5352.389966000001,0.0,0.0,0.0,0.0,0.0,0.0,0.0,0.0,0.0,0.0,0.0,0.0,0.0,0.0,0.0,0.0,0.0,0.0,0.0,0.0,0.0,0.0,0.0,0.0,0.0,0.0,0.0,0.0,0.0,0.0,6.921282512833921,0.0,0.0,0.0,0.0,0.0,0.0,0.0,0.0,0.0,0.0,0.0,0.0,0.0,0.0,0.0,0.0,0.0,0.0,0.0,0.0,0.0,0.0,0.0,0.0,0.0,0.0,0.0,0.0,0.0,0.0,0.0,0.0,0.0,0.0,0.0,0.0,0.0,0.0,0.0,0.0,0.0,0.0,0.0,0.0,0.0,0.0,0.0,0.0,0.0,0.0,0.0,0.0,0.0,0.0,0.0,0.0,0.0,0.0,0.0,0.0,0.0,0.0,0.0,0.0,0.0,0.0,0.0,0.0,0.0,0.0,0.0,0.0,0.0,0.0,0.0,0.0,0.0,0.0,0.0,0.0,0.0,522.99200261,0.0,0.0,0.0,0.0,0.0,6994.185692909799,0.0,0.0,8.61825503,21559.2453461,0.0,0.0,0.0,0.0,0.0,0.0,0.0,0.0,0.0,0.0,0.0,0.0,0.0,0.0,0.0,0.0,0.0,0.0,0.0,0.0,0.0,0.0,0.0,0.0,0.0,0.0,0.0,0.0,0.0,0.0,0.0,0.0,0.0,0.0,0.0,0.0,0.0,0.0,0.0,0.0,0.0,0.0,0.0,0.0,0.0,0.0,0.0,0.0,0.0,0.0,0.0,0.0,0.0,0.0,0.0,0.0,0.0,0.0,0.0,0.0,559.08195705911,34.926612490000004,0.1905269390948,101.15109851000001,0.0,0.0,0.0,0.0,0.0,0.0,0.0,112.49090776,0.0,0.0,0.0,3592.451570400001,0.0,0.0,0.0,6651.932106050001,20836.67270069,0.0,242574.39559044995,104230.53710993,0.0,60629.424136049995,0.0,13.15417873,0.0,0.0,0.0,0.0,0.0,1.859728717,0.0,0.0,0.0,0.0,0.0,0.0,0.0,0.0,0.0,0.0,0.0,0.0,0.0,0.0,0.0,0.0,0.0,0.0,0.0,0.0,0.0,0.0,0.0,0.0,0.0,0.0,0.0,0.0,0.0,0.0,0.0,0.0,0.0,0.0,0.0,0.0,0.0,0.0,0.0,0.0,0.0,0.0,0.0,0.0,0.0,0.0,0.0,0.0,0.0,0.0,0.0,0.0,0.0,0.0,0.0,0.0,0.0,0.0,0.0,0.0,0.0,0.0,0.0,0.0,0.0,0.0,0.0,0.0,0.0,0.0,0.0,0.0,0.0,0.0,0.0,0.0,0.0,0.0,0.0,0.0,0.0,0.0,0.0,0.0,0.0,0.0,0.0,0.0,0.0,0.0,0.0,0.0,0.0,0.0,0.0,0.0,0.0,0.0,0.0,0.0,0.0,0.0,0.0,0.0,0.0,0.0,0.0,0.0,0.0,0.0,0.0,0.0,855.92880219,0.0,0.0,0.0,0.0,0.0,0.0,0.0,0.0,0.0,0.0,0.001691,0.0,0.0,0.0,8806.459576160401,0.0,3.62873896,0.0,0.0,825.99170577,0.0,0.0,0.0,0.0,75.36427366451876,0.0,0.0,0.0,0.0,0.0,0.0,15792.725546290001
25005,6447.361947179999,0.0,0.0,0.0,0.0,0.0,0.0,0.0,0.0,0.0,0.0,0.0,0.0,0.0,0.0,0.0,0.0,0.0,0.0,0.0,0.0,0.0,0.0,0.0,0.0,0.0,0.0,0.0,0.0,0.0,0.0,0.0,0.0,0.0,0.0,0.0,0.0,1655.15855813,0.90718474,0.0,674498.9665183615,69399.63261,224989.98018266002,0.0,0.0,10348.70992155,0.0,0.0,1927.7675725000001,0.0,873710.9838711099,0.0,0.0,1995.806428,0.0,0.0,0.0,0.0,0.0,0.0,0.0,0.0,15776.532298681004,0.0,1036399.5984419003,0.0,17.23651006,0.0,19005.520303,0.0,0.0,0.0,0.0,0.0,0.0,0.0,0.0,0.0,219.85622173900003,0.0,0.0,0.0,0.0,0.0,0.0,0.0,0.0,0.0,640825.7748962301,0.0,0.0,0.0,0.0,0.0,0.0,0.0,0.0,0.0,0.0,0.0,0.0,0.0,0.0,262791.00752135005,0.0,3369229.6479163636,2.9483504050000002,107.95498406000002,0.0,0.0,0.0,0.0,0.0,0.0,0.0,0.0,0.0,0.0,12223.86077913,0.0,0.0,0.0,0.0,0.0,0.0,0.0,0.0,5507.06496417,14.968548210000002,0.0,0.0,0.0,0.0,0.0,0.0,0.0,0.0,0.0,0.0,0.0,0.0,0.0,13545.06001392575,0.0,0.0,0.0,0.0,3645.52187769,0.0,0.0,0.0,0.0,0.0,0.0,0.0,0.0,0.0,0.0,0.0,0.0,0.0,328.85446825,0.0,379.65681369000004,0.0,0.0,7.257477920000001,0.0,0.0,0.0,0.0,241.31114084,0.0,0.0,0.0,0.0,0.0,0.0,0.0,0.0,0.0,0.0,0.0,0.0,0.0,0.0,0.0,0.0,0.0,0.0,0.0,58.9670081,113794.98582375,0.0,0.0,0.0,0.0,0.0,0.0,0.0,0.0,0.0,78.01788764,0.0,0.0,0.0,0.0,0.0,0.0,0.0,40.8233133,0.0,0.0,0.0,0.0,0.0,0.0,0.0,0.0,0.0,0.0,0.0,0.0,0.0,42862.800673230995,0.0,5090.66716851,449235.61528615,172.954770681,0.0,0.0,0.0,0.0,0.0,2986591.494048293,0.0,0.0,244.9398798,0.0,0.0,0.0,0.0,11806.166338696574,0.0,0.0,24375.8180957676,0.0,0.0,0.0,0.0,0.0,0.0,0.0,0.0,0.0,0.0,0.0,1917.7885403600005,1410.6722707000001,0.0,0.0,0.0,0.0,0.0,0.0,0.0,0.0,0.0,0.0,0.0,23.586803240000002,0.0,0.0,0.0,0.0,0.0,0.0,0.0,0.0,0.0,0.0,0.0,0.0,0.0,0.0,0.0,126760.92372020001,0.0,0.0,0.0,0.0,0.0,0.0,0.0,0.0,0.0,0.0,0.0,0.0,0.0,0.0,0.0,0.0,0.0,0.0,0.0,0.0,7.756429527000001,7.71107029,0.0,0.0,0.0,0.0,0.0,0.0,0.0,0.0,29.448522008522374,0.0,0.0,0.0,0.0,0.0,0.0,0.0,0.0,0.0,0.0,0.0,0.0,3787.4962895,0.0,0.0,0.0,0.0,0.0,0.0,0.0,0.0,0.0,0.0,0.0,0.0,0.0,0.0,0.0,0.0,0.0,0.0,0.0,0.0,0.0,0.0,0.0,0.0,0.0,0.0,0.0,0.0,0.0,0.0,0.0,0.0,0.0,0.0,33.56583538,0.0,0.0,0.0,0.0,0.0,0.0,0.0,0.0,0.0,0.0,22.6796185,0.0,0.0,0.0,0.0,0.0,0.0,0.0,0.0,0.0,0.0,0.0,0.0,24409.16620681,0.0,0.0,0.0,0.0,0.0,0.0,0.0,0.0,0.45359237,21.772433760000002,0.0,0.0,0.0,0.0,0.0,90907.62201829,0.0,0.0,0.0,8039.92475825,0.0,0.0,0.0,0.0,0.0,0.0,0.0,14537.6354585,0.0,0.0,0.0,0.0,0.0,0.0,0.0,0.0,0.0,0.0,0.0,0.0,0.0,0.0,0.0,0.0,0.0,0.0,0.0,0.0,0.0,0.0,0.0,0.0,0.0,0.0,0.0,0.0,0.0,0.0,0.0,0.0,0.0,0.0,0.0,0.0,0.0,0.0,0.0,0.0,0.0,0.0,0.0,0.0,0.0,0.0,0.0,0.0,0.0,0.0,0.0,2.7215542200000002,503.1861185701349,397.1609432483,3.084428116,468.3341220250001,566.2193554710001,0.0,0.0,0.0,907.1847399999999,0.0,12.246993990000004,474.49481359434003,148.6694351912,4434.874206180882,0.0,8787.898576380001,0.0,0.0,0.0,9034788.449778631,18812.28995338,533048.462967559,609600.9297378002,324826.5680044,0.0,109210.42341391489,0.0,0.0,0.0,0.0,0.0,0.0,3483.9730500265464,11.354263560540131,727110.8370718501,0.0,0.0,0.0,0.0,0.0,0.0,0.0,0.0,0.0,0.0,0.0,0.0,0.0,0.0,0.0,0.0,0.0,0.0,0.0,0.0,0.0,0.0,0.0,0.0,0.0,0.0,0.0,0.0,0.0,0.0,0.0,0.0,0.0,0.0,0.0,0.0,0.0,0.0,0.0,0.0,0.0,0.0,106.14061458,0.0,0.0,0.0,0.0,0.0,0.0,0.0,0.0,0.0,0.0,0.0,0.0,0.0,0.0,0.0,0.0,0.0,0.0,0.0,0.0,0.0,0.0,0.0,0.0,0.0,0.0,0.0,0.0,0.0,0.0,0.0,0.0,0.0,0.0,0.0,0.0,0.0,0.0,0.0,0.0,0.0,0.0,0.0,0.0,0.0,0.0,0.0,0.0,0.0,0.0,0.0,0.0,0.0,0.0,0.0,0.0,0.0,0.0,0.0,0.0,0.0,0.0,0.0,0.0,0.0,0.0,0.0,0.0,838.7034958615393,170.55073112,164520.22056084996,0.0,134.5672484079,0.0,29960.955378661998,13550.61846138,50016.405940501005,475.7186058086002,304.40583950700005,0.0654389299,0.0,197328.48410817084,0.0,15246.929962921206,144563.51705796004,714.5880589208901,74303.73723672901,0.0,287431.9594292301,0.0,0.0,0.0,0.0,10724.226831380924,7495.613914250001,2969.5059531368,0.0,0.0,173211.05037005,0.0,104312.09369844456
25007,0.0,0.0,0.0,0.0,0.0,0.0,0.0,0.0,0.0,0.0,0.0,0.0,0.0,0.0,0.0,0.0,0.0,0.0,0.0,0.0,0.0,0.0,0.0,0.0,0.0,0.0,0.0,0.0,0.0,0.0,0.0,0.0,0.0,0.0,0.0,0.0,0.0,0.0,0.0,0.0,0.0,0.0,0.0,0.0,0.0,0.0,0.0,0.0,0.0,504.3947154400001,0.0,0.0,0.0,0.0,0.0,0.0,0.0,0.0,0.0,0.0,0.0,0.0,0.0,0.0,0.0,0.0,0.0,0.0,0.0,0.0,0.0,0.0,0.0,0.0,0.0,0.0,0.0,0.0,0.0,0.0,0.0,0.0,0.0,0.0,0.0,0.0,0.0,0.0,0.0,0.0,0.0,0.0,0.0,0.0,0.0,0.0,0.0,0.0,0.0,0.0,0.0,0.0,0.0,0.0,0.0,0.0,0.0,0.0,0.0,0.0,0.0,0.0,0.0,0.0,0.0,0.0,0.0,0.0,0.0,0.0,0.0,0.0,0.0,0.0,0.0,0.0,0.0,0.0,0.0,0.0,0.0,0.0,0.0,0.0,0.0,0.0,0.0,0.0,0.0,0.0,0.0,0.0,0.0,0.0,0.0,0.0,0.0,0.0,0.0,0.0,0.0,0.0,0.0,0.0,0.0,0.0,0.0,0.0,0.0,0.0,0.0,0.0,0.0,0.0,0.0,0.0,253.55813483,0.0,0.0,0.0,0.0,0.0,0.0,0.0,0.0,0.0,0.0,0.0,0.0,0.0,0.0,0.0,0.0,0.0,0.0,0.0,0.0,0.0,0.0,0.0,0.0,247.66143402,0.0,0.0,0.0,0.0,0.0,0.0,0.0,0.0,0.0,0.0,0.0,0.0,0.0,0.0,0.0,0.0,0.0,0.0,0.0,0.0,0.0,0.0,0.0,0.0,0.0,0.0,0.0,0.0,0.0,0.0,0.0,0.0,0.0,0.0,0.0,0.0,0.0,0.0,0.0,0.0,0.0,0.0,2266.1474805200005,0.0,0.0,0.0,0.0,0.0,0.0,0.0,0.0,0.0,0.0,0.0,0.0,0.0,0.0,0.0,0.0,0.0,0.0,0.0,0.0,0.0,0.0,0.0,0.0,0.0,0.0,0.0,0.0,0.0,0.0,0.0,0.0,0.0,0.0,0.0,0.0,0.0,0.0,0.0,0.0,0.0,0.0,0.0,0.0,0.0,0.0,0.0,0.0,0.0,0.0,0.0,0.0,0.0,0.0,0.0,0.0,0.0,0.0,0.0,0.0,0.0,0.0,0.0,0.0,0.0,0.0,0.0,0.0,0.0,0.0,0.0,0.0,0.0,0.0,0.0,0.0,0.0,0.0,0.0,0.0,0.0,0.0,0.0,0.0,0.0,0.0,0.0,0.0,0.0,0.0,0.0,0.0,0.0,0.0,0.0,0.0,0.0,0.0,0.0,0.0,0.0,0.0,0.0,0.0,0.0,0.0,0.0,0.0,0.0,0.0,0.0,0.0,0.0,0.0,0.0,0.0,0.0,0.0,0.0,0.0,0.0,0.0,0.0,0.0,0.0,0.0,0.0,0.0,0.0,0.0,0.0,0.0,0.0,0.0,0.0,0.0,0.0,0.0,0.0,0.0,0.0,0.0,0.0,0.0,0.0,0.0,0.0,0.0,0.0,0.0,0.0,0.0,0.0,0.0,0.0,0.0,0.0,0.0,0.0,0.0,0.0,0.0,0.0,0.0,0.0,0.0,0.0,0.0,0.0,0.0,2159.55327357,0.0,0.0,0.0,0.0,0.0,0.0,0.0,7243.416556530001,0.0,0.0,0.0,0.0,0.0,0.0,0.0,0.0,0.0,0.0,0.0,0.0,0.0,0.0,0.0,0.0,0.0,0.0,0.0,0.0,0.0,0.0,0.0,0.0,0.0,0.0,0.0,0.0,0.0,0.0,0.0,0.0,0.0,0.0,0.0,0.0,0.0,0.0,0.0,0.0,0.0,0.0,0.0,0.0,0.0,0.0,0.0,0.0,0.0,0.0,0.0,0.0,0.0,0.0,0.0,0.0,0.0,0.0,0.0,0.0,0.0,0.0,0.0,0.0,0.0,0.0,0.0,0.0,0.0,0.0,0.0,0.0,0.0,0.0,0.0,0.0,0.0,0.0,0.0,0.0,0.0,0.0,0.0,0.0,0.0,0.0,0.0,0.0,0.0,0.0,0.0,0.0,0.0,0.0,0.0,0.0,0.0,0.0,0.0,0.0,0.0,0.0,0.0,0.0,0.0,0.0,0.0,0.0,0.0,0.0,0.0,0.0,0.0,0.0,0.0,0.0,0.0,0.0,0.0,0.0,0.0,0.0,0.0,0.0,0.0,0.0,0.0,0.0,0.0,0.0,0.0,0.0,0.0,0.0,0.0,0.0,0.0,0.0,0.0,0.0,0.0,0.0,0.0,0.0,0.0,0.0,0.0,0.0,0.0,0.0,0.0,0.0,0.0,0.0,0.0,0.0,0.0,0.0,0.0,0.0,0.0,0.0,0.0,0.0,0.0,0.0,0.0,0.0,0.0,0.0,0.0,0.0,0.0,0.0,0.0,0.0,0.0,0.0,0.0,0.0,0.0,0.0,0.0,0.0,0.0,0.0,0.0,0.0,0.0,0.0,0.0,0.0,0.0,0.0,0.0,0.0,0.0,0.0,0.0,0.0,0.0,0.0,0.0,0.0,0.0,0.0,0.0,0.0,0.0,0.0,0.0,0.0,0.0,0.0,0.0,0.0,0.0,0.0,0.0,0.0,0.0,0.0,0.0,0.0,0.0,0.0,0.0,0.36922418918,0.0,0.0,0.0,0.0,0.0,0.0,0.0
25009,1176.61860778,0.0,0.0,0.0,0.0,0.0,0.0,0.0,0.0,0.0,0.0,0.0,0.0,0.0,0.0,0.0,0.0,0.0,0.0,0.0,0.0,0.0,0.0,0.0,0.0,0.0,0.0,0.0,0.0,0.0,0.0,0.0,0.0,0.0,0.0,0.0,0.0,22.543540789,0.0,0.0,321809.0084755854,3657.7688716800003,263071.32760601,90.718474,0.0,4114.082795900001,0.0,0.0,2333383.02393273,0.0,2458972.3185612205,0.0,0.0,0.0,0.0,4013.8388821300005,0.0,0.0,0.0,0.0,0.0,0.0,1589.0520061262,0.0,1334146.048784287,0.0,0.0,0.0,0.0,0.0,0.0,0.0,0.0,0.0,0.0,0.0,0.0,0.0,0.0,0.0,10735.624213160001,0.0,0.0,0.0,0.0,0.0,0.0,0.0,1349696.7555856397,0.0,0.0,0.0,0.0,0.0,0.0,0.0,0.0,0.0,0.0,0.0,0.0,0.0,46.72001411,756545.8067382601,0.0,283967.42090717005,0.0,0.0,0.0,0.0,0.18143694800000001,0.0,0.0,0.0,0.0,0.90718474,0.90718474,0.0,161137.78225776006,0.0,0.0,0.0,0.0,0.0,0.0,468.10732584,0.0,464.93217925000005,9.071847400000001,0.0,0.0,0.0,0.0,0.0,0.0,0.0,0.0,0.0,0.0,0.0,0.0,19.05087954,47.62719885000002,0.0,0.0,0.0,0.0,10525.15735348,0.0,0.0,0.0,0.0,0.0,0.0,92.53284348,0.0,0.0,0.0,0.0,0.0,0.0,0.0,0.0,0.0,0.0,0.0,2666.6695432300007,0.0,0.0,0.0,0.0,0.0,0.0,0.0,0.0,0.0,0.0,0.0,0.0,0.0,0.0,0.0,0.0,0.0,0.0,0.0,0.0,0.0,0.0,1000.6247682200001,0.0,2782.3355975800005,10177.732813602202,0.0,0.0,0.0,0.0,0.0,3117.9939513800005,0.0,0.0,0.0,8021.327471080001,0.0,0.0,0.0,0.0,0.0,0.0,0.0,0.0,0.0,0.0,0.0,0.0,0.0,0.0,0.0,0.0,9412.948862240002,0.0,445.42770734,0.0,0.0,41656.2994001154,0.0,12133.142305129999,85966.7582658962,0.0,0.0,0.0,0.0,0.0,0.0,1904706.2832361874,9179.802384060002,0.0,1387.0854674600002,0.0,0.0,2407.2147075900007,0.0,211088.2812269,0.0,316.60747426,19073.332362315003,0.0,6059.086878460001,0.0,0.0,0.0,0.0,0.0,0.0,0.0,0.0,0.0,150.59266683999996,41.276905670000005,0.0,0.0,0.0,0.0,0.0,0.0,0.0,0.0,0.0,0.0,0.0,13495.733784610007,147.41752025,0.0,0.0,0.0,0.0,0.0,0.0,0.0,0.0,4926.466730570001,0.0,0.0,0.0,0.0,0.0,15963.27627741,0.0,0.0,0.0,0.0,0.0,0.0,0.0,0.0,33.11224301,0.0,0.0,0.0,0.0,0.0,0.0,0.0,0.0,0.0,0.0,0.0,2791.40744498,0.0,0.0,0.0,0.0,0.0,0.0,0.0,0.0,0.0,0.981595797191471,0.0,0.0,0.0,117.02683146000003,0.0,0.0,0.0,0.0,0.0,0.0,0.0,0.0,0.0,0.0,0.0,0.0,0.0,0.0,0.0,0.0,0.0,0.0,0.0,0.0,0.0,0.0,0.0,0.0,0.0,0.0,0.0,0.0,0.0,0.0,0.0,0.0,0.0,0.0,0.0,0.0,0.0,0.0,0.0,0.0,0.0,0.0,0.0,2414.4721855100006,0.0,0.0,0.0,0.0,0.0,0.0,0.0,0.0,0.0,0.0,0.0,0.0,0.0,0.0,0.0,0.0,0.0,0.0,0.0,0.0,0.0,0.0,0.0,90895.3750243,0.0,0.0,0.0,0.0,0.0,0.0,0.0,0.0,11.249090776000001,2924.7636017600003,0.0,0.0,0.0,0.0,0.0,585461.6509911399,0.0,0.0,0.0,544.310844,0.0,0.0,0.0,2130.795517312,0.0,0.0,0.0,56365.20226568,0.0,0.0,0.0,0.0,0.0,0.0,0.0,0.0,0.0,0.0,0.0,0.0,0.0,0.0,0.0,0.0,0.0,0.0,0.0,0.0,0.0,0.0,0.0,0.0,0.0,0.0,0.0,0.0,0.0,0.0,0.0,0.0,0.0,0.0,0.0,0.0,0.0,0.0,0.0,0.0,0.0,0.0,0.0,0.0,0.0,0.0,0.0,0.0,0.0,0.0,0.0,0.0,3349.613365487159,0.0,2.8467457141200003,1693.4871133949996,8.164662660000001,0.0,5.4431084400000005,0.0,0.0,0.0,0.0,2337.20000372628,2631.7429307400007,4713.777268277001,0.0,50.34875307000001,0.0,15925.174518330003,0.0,2190340.4020913807,1996.2600203700001,223743.50834990002,1915176.7554935403,122149.70368678,0.0,26566.197506802808,0.0,0.0,0.0,0.0,0.0,0.0,4.9895160700000005,0.0,0.0,0.0,0.0,0.0,0.0,0.0,0.0,0.0,0.0,0.0,0.0,0.0,0.0,0.0,0.0,0.0,0.0,0.0,0.0,0.0,0.0,0.0,0.0,0.0,0.0,0.0,0.0,0.0,0.0,0.0,0.0,0.0,0.0,0.0,0.0,0.0,0.0,0.0,0.0,0.0,0.0,0.0,0.0,1127.6487755148,0.0,0.0,0.0,0.0,0.0,0.0,0.0,0.0,0.0,0.0,0.0,0.0,0.0,0.0,0.0,0.0,0.0,0.0,0.0,0.0,0.0,0.0,0.0,0.0,0.0,0.0,0.0,0.0,0.0,0.0,0.0,0.0,0.0,0.0,0.0,61.68856232,0.0,0.0,0.0,0.0,0.0,0.0,0.0,0.0,0.0,0.0,0.0,0.0,0.0,0.0,0.0,0.0,0.0,0.0,0.0,0.0,0.0,0.0,0.0,0.0,0.0,0.0,0.0,0.0,0.0,0.0,0.0,16383.30281203,83.00740371,0.0,8052.625344609999,0.0,14.968548210000002,0.0,13661.74859203,0.0,1221.5242524100001,0.0,663.6056373100001,0.0205968,0.0,2713797.1100844457,0.0,669.6987436162102,1627.0811904270004,84.322821583,10799.580737330001,0.0,156035.77528,122.92353227000001,0.0,0.0,0.0,407.44744651432495,30.84428116,0.0,0.0,0.0,14061.36347,0.0,2869.87892499
25011,0.0,0.0,0.0,0.0,0.0,0.0,0.0,0.0,0.0,0.0,0.0,0.0,0.0,0.0,0.0,0.0,0.0,0.0,0.0,0.0,0.0,0.0,0.0,0.0,0.0,0.0,0.0,0.0,0.0,0.0,0.0,0.0,0.0,0.0,0.0,0.0,0.0,0.0,0.0,0.0,18405.417597490003,0.0,0.0,0.0,0.0,0.0,0.0,0.0,0.0,0.0,292178.34998891,0.0,0.0,0.0,0.0,0.0,0.0,0.0,0.0,0.0,0.0,0.0,0.0,0.0,0.0,0.0,0.0,0.0,0.0,0.0,0.0,0.0,0.0,0.0,0.0,0.0,0.0,0.0,0.0,0.0,0.0,0.0,0.0,0.0,0.0,0.0,0.0,0.0,22681.432869480002,0.0,0.0,0.0,0.0,0.0,0.0,0.0,0.0,0.0,0.0,0.0,0.0,0.0,0.0,0.0,0.0,16454.51681412,0.0,0.0,0.0,0.0,0.0,0.0,0.0,0.0,0.0,0.0,0.0,0.0,0.0,0.0,0.0,0.0,0.0,0.0,0.0,0.0,0.0,0.0,0.0,0.0,0.0,0.0,0.0,0.0,0.0,0.0,0.0,0.0,0.0,0.0,0.0,0.0,0.0,0.0,0.0,0.0,0.0,0.0,0.0,0.0,0.0,0.0,0.0,0.0,0.0,0.0,0.0,0.0,0.0,0.0,0.0,0.0,0.0,0.0,0.0,0.0,0.0,0.0,0.0,0.0,0.0,0.0,0.0,0.0,0.0,0.0,0.0,0.0,0.0,0.0,0.0,0.0,0.0,0.0,0.0,0.0,0.0,0.0,0.0,0.0,0.0,0.0,0.0,0.0,0.0,0.0,0.0,0.0,0.0,0.0,0.0,0.0,0.0,0.0,0.0,0.0,0.0,0.0,0.0,0.0,0.0,0.0,0.0,0.0,0.0,0.0,0.0,0.0,0.0,0.0,0.0,0.0,0.0,0.0,0.0,0.0,0.0,0.0,0.0,0.0,0.0,0.0,0.0,0.0,4194.8222377600005,0.0,0.0,5312.473837439999,0.0,0.0,0.0,0.0,0.0,0.0,0.0,0.0,0.0,0.0,0.0,0.0,0.0,13.7710643532,0.0,0.0,0.0,0.0,0.0,0.0,0.0,0.0,0.0,0.0,0.0,0.0,0.0,0.0,0.0,0.0,0.0,0.0,0.0,0.0,0.0,0.0,0.0,0.0,0.0,0.0,0.0,0.0,0.0,0.0,0.0,0.0,0.0,0.0,0.0,0.0,0.0,0.0,0.0,0.0,0.0,0.0,0.0,0.0,0.0,0.0,0.0,0.0,0.0,0.0,0.0,0.0,0.0,0.0,0.0,0.0,0.0,0.0,0.0,0.0,0.0,0.0,0.0,0.0,0.0,700.275087763251,0.0,0.0,0.0,0.0,0.0,0.0,0.0,0.0,0.0,0.0,0.0,0.0,0.0,0.0,0.0,0.0,0.0,0.0,0.0,0.0,0.0,0.0,0.0,0.0,0.0,0.0,0.0,0.0,0.0,0.0,0.0,0.0,0.0,0.0,0.0,0.0,0.0,0.0,0.0,0.0,0.0,0.0,0.0,0.0,0.0,0.0,0.0,0.0,0.0,0.0,0.0,0.0,0.0,0.0,0.0,0.0,0.0,0.0,0.0,0.0,0.0,0.0,0.0,0.0,0.0,0.0,0.0,0.0,0.0,0.0,0.0,0.0,0.0,0.0,0.0,0.0,0.0,0.0,0.0,0.0,0.0,0.0,0.0,0.0,0.0,0.0,0.0,111757.90249008003,0.0,0.0,0.0,20284.6507864,0.0,0.0,0.0,0.0,0.0,0.0,0.0,0.0,0.0,0.0,0.0,0.0,0.0,0.0,0.0,0.0,0.0,0.0,0.0,0.0,0.0,0.0,0.0,0.0,0.0,0.0,0.0,0.0,0.0,0.0,0.0,0.0,0.0,0.0,0.0,0.0,0.0,0.0,0.0,0.0,0.0,0.0,0.0,0.0,0.0,0.0,0.0,0.0,0.0,0.0,0.0,0.0,0.0,0.0,0.0,0.0,0.0,0.0,0.0,25.85476509,1012.2140532735,0.0,0.0,1017.5482995447001,0.0,0.0,0.0,0.0,0.0,0.0,0.0,866.5201840295002,130.63460256000002,456.76751659,0.0,11.793401620000001,0.0,0.0,0.0,0.0,45098.42138725,0.0,0.0,0.0,0.0,0.0,0.0,0.0,0.0,0.0,0.0,0.0,0.0,0.0,0.0,0.0,0.0,0.0,0.0,0.0,0.0,0.0,0.0,0.0,0.0,0.0,0.0,0.0,0.0,0.0,0.0,0.0,0.0,0.0,0.0,0.0,0.0,0.0,0.0,0.0,0.0,0.0,0.0,0.0,0.0,0.0,0.0,0.0,0.0,0.0,0.0,0.0,0.0,0.0,0.0,0.0,0.0,0.0,0.0,0.0,0.0,0.0,0.0,0.0,0.0,0.0,0.0,0.0,0.0,0.0,0.0,0.0,0.0,0.0,0.0,0.0,0.0,0.0,0.0,0.0,0.0,0.0,0.0,0.0,0.0,0.0,0.0,0.0,0.0,0.0,0.0,0.0,0.0,0.0,0.0,0.0,0.0,0.0,0.0,0.0,0.0,0.0,0.0,0.0,0.0,0.0,0.0,0.0,0.0,0.0,0.0,0.0,0.0,0.0,0.0,0.0,0.0,0.0,0.0,0.0,0.0,0.0,0.0,0.0,0.0,0.0,0.0,0.0,3835.1234883499997,0.0,0.0,0.0,0.0,0.0,102.51187562000001,0.0,0.90718474,0.0,0.0,0.0,0.0,0.0,0.0,0.0,0.0,0.0,0.0,0.0,0.0,0.0,0.0,28199.63261914876,0.0,0.0,0.0,0.0,0.0,0.0,0.0
25013,125235.220424468,0.0,0.0,0.0,0.0,0.0,0.0,0.0,0.0,0.0,0.0,0.0,0.0,0.0,0.0,0.0,0.0,0.0,0.0,0.0,0.0,0.0,0.0,0.0,0.0,0.0,0.0,0.0,0.0,0.0,0.0,0.0,0.0,0.0,0.0,0.0,0.0,18410.1168144432,0.0,0.0,347966.49204147595,9728.64915176,204108.85542971003,0.0,0.0,64867.97267827801,0.0,0.0,283484.78501771897,2335.665047146201,521029.76201738004,0.0,0.0,0.0,0.0,0.0,0.0,0.0,0.0,0.0,0.0,0.0,0.0,75840.326749341,321714.9243462,0.0,0.0,0.0,0.0,0.0,0.0,0.0,0.0,5288.43344183,0.0,0.0,0.0,0.0,23.042492395999997,0.0,94627.07945229,0.0,0.0,0.0,0.0,0.0,0.0,0.0,140677.13763180003,0.0,0.0,0.0,0.0,0.0,0.0,0.0,0.0,0.0,0.0,0.0,0.0,0.0,0.0,770321.6111317264,0.0,230061.777908578,0.0,6363.9009511,0.0,0.0,0.0,0.0,0.0,0.0,0.0,0.0,0.0,0.0,10796.405590739998,0.0,0.0,0.0,0.0,0.0,0.0,0.0,0.0,0.0,0.0,0.0,0.0,0.0,0.0,0.0,0.0,0.0,0.0,0.0,0.0,0.0,0.0,0.0,8116.197766761084,0.0,0.0,0.0,0.0,0.0,0.0,0.0,0.0,0.0,0.0,0.0,4.535923700000001,0.0,0.0,0.0,0.0,0.0,0.0,0.0,4.263768278000001,0.0,0.0,0.0,345.63738594,0.0,0.0,0.0,0.0,0.0,0.0,6354.37551133,0.0,0.0,0.0,0.0,0.0,0.0,0.0,0.0,0.0,0.0,0.0,0.0,0.0,0.0,0.0,0.0,0.0,23322.605551820805,327378.5693964939,0.0,0.0,0.0,0.0,0.0,550.2075448100001,0.0,0.0,0.0,0.0,0.0,0.0,0.0,0.0,0.0,0.0,0.0,0.0,0.0,0.0,69604.20276887,0.0,0.0,0.0,0.0,0.0,0.0,0.0,528.43511105,0.0,0.0,32827.65915706199,0.0,395245.1958736049,204474.72847846049,0.0,0.0,0.0,0.0,0.0,0.0,895781.2282375575,0.0,0.0,57289.62351574001,0.0,0.0,89483.79556886003,0.0,22924.104787430006,0.0,11813.359684280003,893.5769689,0.0,8.618255030000002,0.0,0.0,0.0,0.0,0.0,0.0,0.0,0.0,0.0,2389.97819753,0.0,0.0,0.0,0.0,0.0,0.0,0.0,0.0,0.0,0.0,0.0,0.0,0.0,0.0,0.0,0.0,0.0,0.0,0.0,0.0,0.0,401399.26499434304,0.0,0.0,0.0,0.0,0.0,0.0,536966.4668537554,0.0,0.0,0.0,0.0,0.0,0.0,0.0,0.0,0.0,0.0,0.0,0.0,0.0,0.0,0.0,0.0,0.0,0.0,0.0,0.0,4153.998924459999,3663.21198012,0.0,0.0,0.0,0.0,0.0,0.0,0.0,0.0,31.349852947640155,0.0,0.0,0.0,0.0,0.0,0.0,0.0,0.0,0.0,0.0,0.0,0.0,0.0,0.0,0.0,0.0,0.0,0.0,0.0,0.0,0.0,0.0,0.0,0.0,0.0,0.0,0.0,0.0,0.0,0.0,0.0,0.0,0.0,0.0,0.0,0.0,0.0,0.0,0.0,0.0,0.0,0.0,0.0,0.0,0.0,0.0,0.0,0.0,0.0,0.0,0.0,0.0,0.0,0.0,0.0,0.0,0.0,0.0,0.0,0.0,0.0,0.0,0.0,0.0,0.0,0.0,0.0,0.0,0.0,0.0,0.0,18590.029692079996,0.0,0.0,0.0,0.0,0.0,0.0,0.0,0.0,0.0,15887.979943990002,0.0,0.0,0.0,0.0,0.0,198958.51364900274,0.0,0.0,0.0,182749.64431878,0.0,0.0,0.0,38075.904314909996,0.0,0.0,0.0,106811.47769523002,0.0,0.0,0.0,0.0,0.0,0.0,0.0,0.0,0.0,0.0,0.0,0.0,0.0,0.0,0.0,0.0,0.0,0.0,0.0,0.0,0.0,0.0,0.0,0.0,0.0,0.0,0.0,0.0,0.0,0.0,0.0,0.0,0.0,0.0,0.0,0.0,0.0,0.0,0.0,0.0,0.0,0.0,0.0,0.0,0.0,0.0,0.0,0.0,0.0,0.0,0.0,0.0,1025.572983599318,73.93555630999998,0.4989516070000001,3928.4002233168007,0.0,0.0,0.0,0.0,0.0,0.0,0.0,747.8921715033999,89.18986771310004,432.5910432689999,0.0,181.436948,0.0,118.38760857000003,0.0,3805454.0114283003,1932.7570885700002,273080.7504348,276913.333805878,269122.24982181005,0.0,35429.5738535508,0.0,0.0,0.0,0.0,0.0,0.0,56803.37249510001,0.0,0.0,0.0,0.0,0.0,0.0,0.0,0.0,0.0,0.0,0.0,0.0,0.0,0.0,0.0,0.0,0.0,0.0,0.0,0.0,0.0,0.0,0.0,0.0,0.0,0.0,0.0,0.0,0.0,0.0,0.0,0.0,0.0,0.0,0.0,0.0,0.0,0.0,0.0,0.0,0.0,0.0,0.0,0.0,0.0,0.0,0.0,0.0,0.0,0.0,0.0,0.0,0.0,0.0,0.0,0.0,0.0,0.0,0.0,0.0,0.0,0.0,0.0,0.0,0.0,0.0,0.0,0.0,0.0,0.0,0.0,0.0,0.0,0.0,0.0,0.0,0.0,0.0,0.0,0.0,0.0,0.0,0.0,0.0,0.0,0.0,0.0,0.0,0.0,0.0,0.0,0.0,0.0,0.0,0.0,0.0,0.0,0.0,0.0,0.0,0.0,0.0,0.0,0.0,0.0,0.0,0.0,0.0,0.0,0.0,0.0,0.0,16679.9930453233,0.0,0.0,37559.035809295,0.0,0.0,0.0,124.28430938,0.0,0.0,3.62873896,1081.8631616870002,0.0025849999999999996,0.0,200805.29021731432,0.0,8759.56508302792,5131.036889440001,95.38548589493003,0.0,0.0,11010.04759701,0.0,0.0,0.0,0.0,34.22810074257512,0.0,0.0,0.0,0.0,13253.06186666,0.0,14218.30643002
25015,265972.86727842607,0.0,0.0,0.0,0.0,0.0,0.0,0.0,0.0,0.0,0.0,0.0,0.0,0.0,0.0,0.0,0.0,0.0,0.0,0.0,0.0,0.0,0.0,0.0,0.0,0.0,0.0,0.0,0.0,0.0,0.0,0.0,0.0,0.0,0.0,0.0,0.0,0.0,0.0,0.0,733676.1330352301,0.0,1214129.33600189,0.0,0.0,29.02991168,0.0,0.0,21819.60736648,4.535923700000001,40896.79526394,0.0,0.0,0.0,0.0,0.0,0.0,0.0,0.0,0.0,0.0,0.0,0.0,0.0,704.4289506100001,0.0,0.0,0.0,0.0,0.0,0.0,0.0,0.0,0.0,0.0,0.0,0.0,0.0,0.0,0.0,0.0,0.0,0.0,0.0,0.0,0.0,0.0,0.0,7209.3971287800005,0.0,0.0,0.0,0.0,0.0,0.0,0.0,0.0,0.0,0.0,0.0,0.0,0.0,0.0,1655681.09654024,0.0,398.25410086,0.0,0.0,0.0,0.0,0.0,0.0,0.0,0.0,0.0,0.0,0.0,0.0,0.0,0.0,0.0,0.0,0.0,0.0,0.0,0.0,0.0,682.3843614280001,0.0,0.0,0.0,0.0,0.0,0.0,0.0,0.0,0.0,0.0,0.0,0.0,0.0,0.0,0.0,0.0,0.0,0.0,0.0,0.0,0.0,0.0,0.0,0.0,0.0,0.0,0.0,0.0,0.0,0.0,0.0,0.0,0.0,0.0,0.0,0.0,0.0,0.0,0.0,0.0,0.0,0.0,0.0,0.0,0.0,0.0,0.0,0.0,0.0,0.0,0.0,0.0,0.0,0.0,0.0,0.0,0.0,0.0,0.0,0.0,0.0,0.0,0.0,364.68826548000004,0.0,0.0,0.0,0.0,0.0,0.0,0.0,0.0,0.0,0.0,0.0,0.0,0.0,0.0,0.0,0.0,10432.624510000001,0.0,0.0,0.0,0.0,0.0,0.0,0.0,0.0,0.0,0.0,0.0,0.0,0.0,0.0,0.0,9165.74102059,0.0,0.0,2427.6263642400013,0.0,0.0,0.0,0.0,0.0,0.0,1279241.6135306507,0.0,0.0,0.0,0.0,0.0,90640.45611236001,0.0,464.9321792500001,0.0,0.0,0.0,0.0,0.0,0.0,0.0,0.0,0.0,0.0,0.0,0.0,0.0,0.0,1773.0925743300002,0.0,0.0,0.0,0.0,0.0,0.0,0.0,0.0,0.0,0.0,0.0,0.0,0.0,0.0,0.0,0.0,0.0,0.0,0.0,0.0,0.0,0.0,0.0,0.0,0.0,0.0,0.0,0.0,1281.3984452500003,0.0,0.0,0.0,0.0,0.0,0.0,0.0,0.0,0.0,0.0,0.0,0.0,0.0,0.0,0.0,0.0,0.0,0.0,0.0,0.0,0.0,0.0,0.0,0.0,0.0,0.0,0.0,0.0,0.0,0.0,4.535923700000001,0.0,0.0,0.0,0.0,0.0,0.0,0.0,0.0,0.0,0.0,0.0,0.0,0.0,0.0,0.0,0.0,0.0,0.0,0.0,0.0,0.0,0.0,0.0,0.0,0.0,0.0,0.0,0.0,0.0,0.0,0.0,0.0,0.0,0.0,0.0,0.0,0.0,0.0,0.0,0.0,0.0,0.0,0.0,0.0,0.0,0.0,0.0,0.0,0.0,0.0,0.0,0.0,0.0,0.0,0.0,0.0,0.0,0.0,0.0,0.0,0.0,0.0,0.0,0.0,0.0,0.0,0.0,0.0,0.0,0.0,0.0,5436.304554449999,0.0,0.0,0.0,0.0,0.0,0.0,0.0,0.0,0.0,0.0,0.0,0.0,0.0,0.0,0.0,35895.03219995,0.0,0.0,0.0,0.0,0.0,0.0,0.0,93.44002822,0.0,0.0,0.0,0.0,0.0,0.0,0.0,0.0,0.0,0.0,0.0,0.0,0.0,0.0,0.0,0.0,0.0,0.0,0.0,0.0,0.0,0.0,0.0,0.0,0.0,0.0,0.0,0.0,0.0,0.0,0.0,0.0,0.0,0.0,0.0,0.0,0.0,0.0,0.0,0.0,0.0,0.0,0.0,0.0,0.0,0.0,0.0,0.0,0.0,0.0,0.0,0.0,0.0,0.0,0.0,0.0,0.0,1866.0790101800003,0.0,62.142154690000005,0.0,0.0,0.0,0.0,0.0,0.0,0.0,287.12397021000004,0.0,365.59545022000003,0.0,4.9895160700000005,0.0,0.0,0.0,14968.54821,0.0,0.0,1124.00189286,0.0,0.0,4990.87684711,0.0,0.0,0.0,0.0,0.0,0.0,0.0,4.535923700000001,0.0,0.0,0.0,0.0,0.0,0.0,0.0,0.0,0.0,0.0,0.0,0.0,0.0,0.0,0.0,0.0,0.0,0.0,0.0,0.0,0.0,0.0,0.0,0.0,0.0,0.0,0.0,0.0,0.0,0.0,0.0,0.0,0.0,0.0,0.0,0.0,0.0,0.0,0.0,0.0,0.0,0.0,0.0,0.0,0.0,0.0,0.0,0.0,0.0,0.0,0.0,0.0,0.0,0.0,0.0,0.0,0.0,0.0,0.0,0.0,0.0,0.0,0.0,0.0,0.0,0.0,0.0,0.0,0.0,0.0,0.0,0.0,0.0,0.0,0.0,0.0,0.0,0.0,0.0,0.0,0.0,0.0,0.0,0.0,0.0,0.0,0.0,0.0,0.0,0.0,0.0,0.0,0.0,0.0,0.0,0.0,0.0,0.0,0.0,0.0,20.86524902,0.0,0.0,0.0,0.0,0.0,0.0,0.0,0.0,0.0,0.0,0.0,0.0,1.7009713875,0.0,0.0,0.0,0.0,160.33583094760002,0.0,112.445548523,0.0,0.0,0.0,0.0,15345.483469469997,0.0,2.188447107539,6.80388555,0.0,0.0,0.0,0.0,0.0,0.0,0.0,0.0,0.004399845989,0.0,0.0,0.0,0.0,0.0,0.0,4133.5872678099995
25017,22183.842039589992,0.0,0.0,0.0,0.0,0.0,0.0,0.0,0.0,0.0,0.0,0.0,0.0,0.0,0.0,0.0,0.0,0.0,0.0,0.0,0.0,0.0,0.0,0.0,0.0,0.0,0.0,0.0,0.0,0.0,0.0,0.0,9.071847400000001,0.0,0.0,0.0,0.0,226.34259263,0.0,0.0,1404562.2710943972,19368.84779137,572221.28971084,6538.9876059200005,0.0,309003.99608016404,0.0,0.0,131119.03921116004,7032.0425121100025,2210357.4333794797,0.0,0.0,93322.09420380002,161.93247609,16230.89577571,0.0,28260.646236022207,18336.01796488,0.0,0.0,0.0,4130.412121220001,0.0,1319438.5157676805,0.0,20340.44264791,0.0,0.0,0.0,0.0,0.0,0.0,0.0,0.0,57.60623099,0.0,2140.9559864000003,0.0,0.0,453.59237,143790.59565948,0.0,0.0,0.0,0.0,0.0,0.0,1890073.59296063,0.0,0.0,0.0,0.0,0.0,0.0,0.0,0.0,0.0,0.0,0.0,0.0,0.0,1356.69477867,1690357.3260420002,0.0,635581.3399142902,0.0,410.95468722,0.0,0.0,0.0,0.0,0.0,0.0,0.0,0.0,0.0,0.0,10607.348290924,0.0,0.0,0.0,0.0,0.0,0.0,0.0,0.0,0.0,229.06414685000001,0.0,0.0,0.0,0.0,0.0,0.0,0.0,0.0,0.0,0.0,0.0,0.0,81.31096824620002,477.6327656100001,0.0,0.0,0.0,0.0,0.0,0.0,0.0,0.0,0.0,0.0,0.0,0.0,0.0,0.0,0.0,0.0,0.0,0.0,4523.2231136400005,0.0,15579.083540020001,0.0,0.0,3492.2076566300007,0.0,0.0,0.0,0.0,0.0,0.0,0.0,0.0,0.0,0.0,0.0,0.0,0.0,0.0,0.0,0.0,0.0,0.0,0.0,0.0,0.0,0.0,0.0,0.0,28415.988014976097,23241.619446430002,0.0,0.0,0.0,0.0,0.0,0.90718474,0.0,0.0,0.0,2319.6713801799997,0.0,0.0,0.0,15976.88404851,0.0,0.0,0.0,0.0,0.0,0.0,0.0,0.0,0.0,0.0,0.0,0.0,0.0,0.0,362.374944393,0.0,0.0,10877.734702681002,0.0,182.79772511,69704.44668263997,493.5039626363,0.0,0.0,2.2679618500000003,0.0,0.0,6467450.8701371895,20222.508631709996,0.0,14033.240743060001,0.0,0.0,4787.667465350002,0.0,300294.1158450162,0.0,0.0,14519.491763699998,0.0,0.0,0.0,0.0,0.0,0.0,0.0,0.0,0.0,0.0,0.0,22076.5175489243,5199.982929680001,0.0,0.0,0.0,0.0,0.0,0.0,0.0,0.0,0.0,0.0,0.0,3905.3577309207994,0.0,0.0,0.0,0.0,0.0,0.0,0.0,0.0,0.0,0.0,0.0,0.0,0.0,0.0,0.0,82301.61398227997,0.0,0.0,0.0,0.0,0.0,0.0,0.0,0.0,0.0,0.0,0.0,0.0,0.0,0.0,0.0,0.0,0.0,0.0,0.0,0.0,828.2596676200001,673.8114656350002,0.0,0.0,0.0,0.0,0.0,0.0,0.0,0.0,8.182348226506301,0.0,0.0,0.0,46.747229652200005,0.0,0.0,0.0,0.0,0.0,0.0,0.0,0.0,0.0,0.0,0.0,0.0,0.0,0.0,0.0,0.0,9117.206637,0.0,0.0,0.0,0.0,0.0,0.0,11203.731539,0.0,0.0,0.0,0.0,0.0,0.0,0.0,0.0,0.0,0.0,0.0,0.0,0.0,0.0,0.0,0.0,0.0,0.0,0.0,189.57983822624,0.0,0.0,0.0,0.0,0.0,0.0,0.0,0.0,0.0,0.0,0.0,0.0,0.0,0.0,0.0,0.0,0.0,0.0,0.0,0.0,0.0,0.0,0.0,133532.2277302629,0.0,0.0,0.0,0.0,0.0,0.0,0.0,0.0,0.0,2094.68956466,0.0,0.0,0.0,0.0,0.0,913847.5129636929,0.0,0.0,0.0,0.0,0.0,0.0,0.0,84031.61528146,0.0,0.0,0.0,106681.29668504,0.0,0.0,0.0,0.0,0.0,0.0,0.0,0.0,0.0,0.0,0.0,0.0,0.0,0.0,0.0,0.0,0.0,0.0,0.0,0.0,0.0,0.0,0.0,0.0,0.0,0.0,0.0,0.0,0.0,0.0,0.0,0.0,0.0,0.0,0.0,0.0,0.0,0.0,0.0,0.0,0.0,0.0,0.0,0.0,0.0,0.0,0.0,0.0,0.0,0.0,0.0,43.54486752000001,947.1258809586999,160.00924444119997,4.06237326572,372.8789552701907,567.8976472400001,0.0,0.0,0.0,0.0,0.0,0.0,278.15508827799005,1559.6917431231288,1676.229311527715,0.0,0.0,0.0,7711.977474740001,0.0,69245.86479657001,937.5754287899999,15213.4880898,534643.0669442943,62541.31597559999,0.0,33947.0843029087,0.0,0.0,0.0,0.0,80.28584949,0.0,1478.7111262000003,0.0,2313.3210870000003,0.0,0.0,0.0,0.0,0.0,0.0,0.0,0.0,0.0,0.0,0.0,0.0,0.0,0.0,0.0,0.0,0.0,0.0,0.0,0.0,0.0,0.0,0.0,0.0,0.0,0.0,0.0,0.0,0.0,0.0,0.0,0.0,0.0,0.0,0.0,0.0,0.0,0.0,0.0,4535.9237,0.0,0.0,831.4348142100002,0.0,0.0,0.0,0.0,0.0,0.0,0.0,0.0,0.0,0.0,0.0,0.0,0.0,0.0,0.0,0.0,0.0,0.0,0.0,0.0,0.0,0.0,0.0,0.0,0.0,0.0,0.0,0.0,0.0,0.0,0.0,0.0,0.0,0.0,0.0,0.0,0.0,0.0,0.0,0.0,0.0,0.0,0.0,0.0,0.0,0.0,0.0,0.0,0.0,0.0,0.0,0.0,0.0,0.0,0.0,0.0,0.0,0.0,0.0,0.0,0.0,0.0,0.0,0.0,0.0,0.0,0.0,1280.03766814,1336.2831220199998,0.0,45365.13370081,0.0,0.0,0.0,13.6077711,0.0,962.5230091400002,5453.0874721400005,1290.8368361082732,0.0,0.0,413920.3084493227,0.0,1005.3371393519301,34.47302012,0.5896700810000001,1651.575178407,0.0,93719.44111992001,0.0,0.0,0.0,0.0,3122.920580496639,0.0,1270.784383792,0.0,0.0,0.0,0.0,52517.60952307871
25019,0.0,0.0,0.0,0.0,0.0,0.0,0.0,0.0,0.0,0.0,0.0,0.0,0.0,0.0,0.0,0.0,0.0,0.0,0.0,0.0,0.0,0.0,0.0,0.0,0.0,0.0,0.0,0.0,0.0,0.0,0.0,0.0,0.0,0.0,0.0,0.0,0.0,0.0,0.0,0.0,0.0,0.0,0.0,0.0,0.0,0.0,0.0,0.0,0.0,0.0,0.0,0.0,0.0,0.0,0.0,0.0,0.0,0.0,0.0,0.0,0.0,0.0,0.0,0.0,0.0,0.0,0.0,0.0,0.0,0.0,0.0,0.0,0.0,0.0,0.0,0.0,0.0,0.0,0.0,0.0,0.0,0.0,0.0,0.0,0.0,0.0,0.0,0.0,0.0,0.0,0.0,0.0,0.0,0.0,0.0,0.0,0.0,0.0,0.0,0.0,0.0,0.0,0.0,0.0,0.0,0.0,0.0,0.0,0.0,0.0,0.0,0.0,0.0,0.0,0.0,0.0,0.0,0.0,0.0,0.0,0.0,0.0,0.0,0.0,0.0,0.0,0.0,0.0,0.0,0.0,0.0,0.0,0.0,0.0,0.0,0.0,0.0,0.0,0.0,0.0,0.0,0.0,0.0,0.0,0.0,0.0,0.0,0.0,0.0,0.0,0.0,0.0,0.0,0.0,0.0,0.0,0.0,0.0,0.0,0.0,0.0,0.0,0.0,0.0,0.0,0.0,0.0,0.0,0.0,0.0,0.0,0.0,0.0,0.0,0.0,0.0,0.0,0.0,0.0,0.0,0.0,0.0,0.0,0.0,0.0,0.0,0.0,0.0,0.0,0.0,0.0,0.0,0.0,0.0,0.0,0.0,0.0,0.0,0.0,0.0,0.0,0.0,0.0,0.0,0.0,0.0,0.0,0.0,0.0,0.0,0.0,0.0,0.0,0.0,0.0,0.0,0.0,0.0,0.0,0.0,0.0,0.0,0.0,0.0,0.0,0.0,0.0,0.0,0.0,0.0,0.0,0.0,0.0,0.0,0.0,0.0,0.0,0.0,0.0,0.0,0.0,0.0,0.0,0.0,0.0,0.0,0.0,0.0,0.0,0.0,0.0,0.0,0.0,0.0,0.0,0.0,0.0,0.0,0.0,0.0,0.0,0.0,0.0,0.0,0.0,0.0,0.0,0.0,0.0,0.0,0.0,0.0,0.0,0.0,0.0,0.0,0.0,0.0,0.0,0.0,0.0,0.0,0.0,0.0,0.0,0.0,0.0,0.0,0.0,0.0,0.0,0.0,0.0,0.0,0.0,0.0,0.0,0.0,0.0,0.0,0.0,0.0,0.0,0.0,0.0,0.0,0.0,0.0,0.0,0.0,0.0,0.0,0.0,0.0,0.0,0.0,0.0,0.0,0.0,0.0,0.0,0.0,0.0,0.0,0.0,0.0,0.0,0.0,0.0,0.0,0.0,0.0,0.0,0.0,0.0,0.0,0.0,0.0,0.0,0.0,0.0,0.0,0.0,0.0,0.0,0.0,0.0,0.0,0.0,0.0,0.0,0.0,0.0,0.0,0.0,0.0,0.0,0.0,0.0,0.0,0.0,0.0,0.0,0.0,0.0,0.0,0.0,0.0,0.0,0.0,0.0,0.0,0.0,0.0,0.0,0.0,0.0,0.0,0.0,0.0,0.0,0.0,0.0,0.0,0.0,0.0,0.0,0.0,0.0,0.0,0.0,0.0,0.0,0.0,0.0,0.0,0.0,0.0,0.0,0.0,0.0,0.0,0.0,0.0,0.0,0.0,0.0,0.0,0.0,0.0,0.0,0.0,0.0,0.0,0.0,0.0,0.0,0.0,0.0,0.0,0.0,0.0,0.0,0.0,0.0,0.0,0.0,0.0,0.0,0.0,0.0,0.0,0.0,0.0,0.0,0.0,0.0,0.0,0.0,0.0,0.0,0.0,0.0,0.0,0.0,0.0,0.0,0.0,0.0,0.0,0.0,0.0,0.0,0.0,0.0,0.0,0.0,0.0,0.0,0.0,0.0,0.0,0.0,0.0,0.0,0.0,0.0,0.0,0.0,0.0,0.0,0.0,0.0,0.0,0.0,0.0,0.0,0.0,0.0,0.0,0.0,0.0,0.0,0.0,0.0,0.0,0.0,0.0,0.0,0.0,0.0,0.0,0.0,0.0,0.0,0.0,0.0,0.0,0.0,0.0,0.0,0.0,0.0,0.0,0.0,0.0,0.0,0.0,0.0,0.0,0.0,0.0,0.0,0.0,0.0,0.0,0.0,0.0,0.0,0.0,0.0,0.0,0.0,0.0,0.0,0.0,0.0,0.0,0.0,0.0,0.0,0.0,0.0,0.0,0.0,0.0,0.0,0.0,0.0,0.0,0.0,0.0,0.0,0.0,0.0,0.0,0.0,0.0,0.0,0.0,0.0,0.0,0.0,0.0,0.0,0.0,0.0,0.0,0.0,0.0,0.0,0.0,0.0,0.0,0.0,0.0,0.0,0.0,0.0,0.0,0.0,0.0,0.0,0.0,0.0,0.0,0.0,0.0,0.0,0.0,0.0,0.0,0.0,0.0,0.0,0.0,0.0,0.0,0.0,0.0,0.0,0.0,0.0,0.0,0.0,0.0,0.0,0.0,0.0,0.0,0.0,0.0,0.0,0.0,0.0,0.0,0.0,0.0,0.0,0.0,0.0,0.0,0.0,0.0,0.0,0.0,0.0,0.0,0.0,0.0,0.0,0.0,0.0,0.0,0.0,0.0,0.0,0.0,0.0,0.0,0.0,0.0,0.0,0.0,0.0,0.0,0.0,0.0,0.0,0.0,0.0,0.0,0.0,0.0,0.0,0.0,0.0,0.0,0.0
25021,0.0,0.0,0.0,0.0,0.0,0.0,0.0,0.0,0.0,0.0,0.0,0.0,0.0,0.0,0.0,0.0,0.0,0.0,0.0,0.0,0.0,0.0,0.0,0.0,0.0,0.0,0.0,0.0,0.0,0.0,0.0,0.0,0.0,0.0,0.0,0.0,0.0,0.0,0.0,0.0,60044.78439443329,0.0,57968.197701260004,0.0,0.0,210.46685968000003,0.0,0.0,834.15636843,7266.282782931017,582978.68635776,0.0,0.0,0.0,0.0,453.59237,0.0,0.0,0.0,0.0,0.0,0.0,6214.66906137,0.0,520740.3700853201,0.0,11914.05719042,0.0,0.0,0.0,0.0,0.0,0.0,0.0,0.0,0.0,0.0,0.0,0.0,0.0,0.0,0.0,0.0,0.0,0.0,0.0,0.0,0.0,821974.69174128,0.0,0.0,0.0,0.0,0.0,0.0,0.0,0.0,0.0,0.0,0.0,0.0,0.0,0.0,813176.3605403901,0.0,108939.73309527,0.0,0.0,0.0,0.0,0.0,0.0,0.0,0.0,0.0,0.0,0.0,0.0,0.0,0.0,0.0,0.0,0.0,0.0,0.0,659.5233059800004,0.0,0.0,0.0,0.0,0.0,0.0,0.0,0.0,0.0,0.0,0.0,0.0,0.0,0.0,0.0,0.0,798.5964956322431,0.0,0.0,0.0,0.0,0.0,0.0,0.0,0.0,0.0,0.0,0.0,0.0,0.0,0.0,0.0,0.0,0.0,0.0,2.2679618500000003,0.0,0.0,0.0,0.0,6298.254212712351,0.0,0.0,0.0,0.0,0.0,0.0,0.0,0.0,0.0,0.0,0.0,175.54024719000003,0.0,0.0,0.0,0.0,0.0,0.0,0.0,0.0,0.0,0.0,0.0,0.0,3015.1690970247,2587.3453095644004,0.0,0.0,0.0,0.0,0.0,132.90256441,0.0,0.0,0.0,218.63152234,0.0,0.0,0.0,217.7243376,0.0,0.0,0.0,0.0,0.0,0.0,0.0,0.0,0.0,0.0,0.0,0.0,0.0,0.0,0.0,0.0,0.0,1861.3253621424008,0.0,0.0,704.8825429799999,0.0,0.0,0.0,0.0,0.0,0.0,653541.6065774321,29.029911680000005,0.0,2030.73304049,0.0,0.0,0.0,0.0,289808.9817252751,0.0,0.0,88406.45105444685,0.0,4.535923700000001,0.0,0.0,0.0,0.0,0.0,0.0,0.0,0.0,0.0,5157.798839269999,0.0,0.0,0.0,0.0,0.0,0.0,0.0,0.0,0.0,0.0,0.0,0.0,436.35585993999996,0.0,0.0,0.0,0.0,0.0,0.0,0.0,0.0,0.0,1596.6451424000002,0.0,0.0,0.0,0.0,0.0,144844.29073499,0.0,0.0,0.0,0.0,0.0,0.0,0.0,0.0,0.0,0.0,0.0,0.0,0.0,0.0,0.0,0.0,0.0,0.0,0.0,0.0,0.0,0.45359237,0.0,0.0,0.0,0.0,0.0,0.0,0.0,0.0,21.976677332363597,0.0,0.0,0.0,0.0,0.0,0.0,0.0,0.0,0.0,0.0,0.0,0.0,0.0,0.0,0.0,0.0,0.0,0.0,0.0,0.0,0.0,0.0,0.0,0.0,0.0,0.0,0.0,0.0,0.0,0.0,0.0,0.0,0.0,0.0,0.0,0.0,0.0,0.0,0.0,0.0,0.0,0.0,0.0,0.0,0.0,0.0,0.0,0.0,0.0,0.0,0.0,0.0,0.0,0.0,0.0,0.0,0.0,0.0,0.0,0.0,0.0,0.0,0.0,0.0,0.0,0.0,0.0,0.0,0.0,0.0,0.0,1506.9018919955,0.0,0.0,0.0,0.0,0.0,0.0,0.0,0.0,0.45359237,7.25747792,0.0,0.0,0.0,0.0,0.0,39982.637833989495,0.0,0.0,2.4947580350000003,2.7215542200000002,0.0,0.0,0.0,61247.670536360005,0.0,0.0,0.0,4603.50896313,0.0,0.0,0.0,0.0,0.0,0.0,0.0,0.0,0.0,0.0,0.0,0.0,0.0,0.0,0.0,0.0,0.0,0.0,0.0,0.0,0.0,0.0,0.0,0.0,0.0,0.0,0.0,0.0,0.0,0.0,0.0,0.0,0.0,0.0,0.0,0.0,0.0,0.0,0.0,0.0,0.0,0.0,0.0,0.0,0.0,0.0,0.0,0.0,0.0,0.0,0.0,1319.9537967,3648.8640237003774,4629.817320590002,52.396408734629965,3836.0397449374013,0.0,0.0,0.0,0.0,0.0,0.0,0.45359237,3695.2446732894,287.57756258000006,2533.626546622248,0.0,1287.2951460599998,0.0,0.0,0.0,2701.1425633500003,0.0,0.0,369046.3809709601,1917.3349479900003,0.0,177.53151769430002,0.0,0.0,0.0,0.0,0.0,0.0,0.0,0.0,0.0,0.0,0.0,0.0,0.0,0.0,0.0,0.0,0.0,0.0,0.0,0.0,0.0,0.0,0.0,0.0,0.0,0.0,0.0,0.0,0.0,0.0,0.0,0.0,0.0,0.0,0.0,0.0,0.0,0.0,0.0,0.0,0.0,0.0,0.0,0.0,0.0,0.0,0.0,0.0,0.0,0.0,0.0,0.0,0.0,0.0,0.0,0.0,0.0,0.0,0.0,0.0,0.0,0.0,0.0,0.0,0.0,0.0,0.0,0.0,0.0,0.0,0.0,0.0,0.0,0.0,0.0,0.0,0.0,0.0,0.0,0.0,0.0,0.0,0.0,0.0,0.0,0.0,0.0,0.0,0.0,0.0,0.0,0.0,0.0,0.0,0.0,0.0,0.0,0.0,0.0,0.0,0.0,0.0,0.0,0.0,0.0,0.0,0.0,0.0,0.0,0.0,0.0,0.0,0.0,0.0,0.0,0.0,0.0,0.0,0.0,55.33826914,111.58372302000002,0.0,0.0,0.0,0.0,0.0,1471.1593575503443,0.0,1174.01271961435,0.0,0.0,7.97e-05,0.0,87295.65236820893,0.0,2549.987652120545,53.523899660000005,0.0,0.45359237,0.0,0.0,0.0,0.0,0.0,0.0,1981.868754134424,0.0,0.0,0.0,0.0,0.0,0.0,3427.9204636222694
25023,41.276905670000005,0.0,0.0,0.0,0.0,0.0,0.0,0.0,0.0,0.0,0.0,0.0,0.0,0.0,0.0,0.0,0.0,0.0,0.0,0.0,0.0,0.0,0.0,0.0,0.0,0.0,0.0,0.0,0.0,0.0,0.0,0.0,0.0,0.0,0.0,0.0,0.0,0.0,0.0,0.0,230866.63220990603,0.0,69125.20922615,0.0,0.0,0.0,0.0,0.0,234.50725529000002,0.0,88663.24697153004,0.0,0.0,0.0,0.0,5352.389966000001,0.0,0.0,0.0,0.0,0.0,0.0,0.0,0.0,194261.36507700998,0.0,0.0,0.0,0.0,0.0,0.0,0.0,0.0,0.0,0.0,0.0,0.0,0.0,1.3607771100000001,0.0,0.0,0.0,0.0,0.0,0.0,0.0,0.0,0.0,102697.39489933,0.0,0.0,0.0,0.0,0.0,0.0,0.0,0.0,0.0,0.0,0.0,0.0,0.0,0.0,100607.24125837004,0.0,451608.44769209396,0.0,0.0,0.0,0.0,0.0,0.0,0.0,0.0,0.0,0.0,0.0,0.0,31.751465900000007,0.0,0.0,0.0,0.0,0.0,0.0,0.0,0.0,0.0,0.0,0.0,0.0,0.0,0.0,0.0,0.0,0.0,0.0,0.0,0.0,0.0,0.0,0.0,0.0,0.0,0.0,0.0,0.0,0.0,0.0,0.0,0.0,0.0,0.0,0.0,0.0,0.0,0.0,0.0,0.0,0.0,0.0,0.0,0.0,0.0,0.0,0.0,0.0,0.0,0.0,0.0,0.0,0.0,0.0,0.0,0.0,0.0,0.0,0.0,0.0,0.0,0.0,0.0,0.0,0.0,0.0,0.0,0.0,0.0,0.0,0.0,0.0,0.0,250992.61638528004,0.0,0.0,0.0,8943.466607208056,0.0,0.0,0.0,0.0,0.0,0.0,0.0,0.0,0.0,0.0,0.0,0.0,0.0,0.0,0.0,0.0,0.0,0.0,3.17514659,0.0,0.0,0.0,0.0,0.0,0.0,0.0,0.0,53.52389966000001,0.0,1740.88751606,24298.489668529997,0.0,0.0,45.359237,0.0,0.0,0.0,257421.83463766,0.0,1049.1591518100001,57963.66177755999,0.0,0.0,0.0,0.0,81229.32161960003,0.0,0.0,5439.02610867,0.0,0.0,0.0,0.0,0.0,0.0,0.0,0.0,0.0,0.0,0.0,1224.699399,6.35029318,0.0,0.0,0.0,0.0,0.0,0.0,0.0,0.0,0.0,0.0,0.0,0.0,0.0,0.0,0.0,0.0,0.0,0.0,0.0,0.0,0.0,0.0,0.0,0.0,0.0,0.0,0.0,1179.7937543700002,0.0,0.0,0.0,0.0,0.0,0.0,0.0,0.0,0.0,0.0,0.0,0.0,0.0,0.0,0.0,0.0,0.0,0.0,0.0,0.0,0.0,385.5535145,0.0,0.0,0.0,0.0,0.0,0.0,0.0,0.0,53.08614945711463,0.0,0.0,0.0,0.0,0.0,0.0,0.0,0.0,0.0,0.0,0.0,0.0,0.0,0.0,0.0,0.0,0.0,0.0,0.0,0.0,0.0,0.0,0.0,0.0,0.0,0.0,0.0,0.0,0.0,0.0,0.0,0.0,0.0,0.0,0.0,0.0,0.0,0.0,0.0,0.0,0.0,0.0,0.0,0.0,0.0,0.0,0.0,0.0,0.0,0.0,0.0,0.0,0.0,0.0,0.0,0.0,0.0,0.0,0.0,0.0,0.0,0.0,0.0,0.0,0.0,0.0,0.0,0.0,0.0,0.0,0.0,0.0,0.0,0.0,0.0,0.0,0.0,0.0,0.0,0.0,0.0,0.45359237,0.0,0.0,53.07030729,0.0,0.0,62350.126791644994,0.0,0.0,0.0,0.0,0.0,0.0,0.0,0.0,0.0,0.0,0.0,0.0,0.0,0.0,0.0,0.0,0.0,0.0,0.0,0.0,0.0,0.0,0.0,0.0,0.0,0.0,0.0,0.0,0.0,0.0,0.0,0.0,0.0,0.0,0.0,0.0,0.0,0.0,0.0,0.0,0.0,0.0,0.0,0.0,0.0,0.0,0.0,0.0,0.0,0.0,0.0,0.0,0.0,0.0,0.0,0.0,0.0,0.0,0.0,0.0,0.0,0.0,0.0,0.0,153.86804872551497,177.51790992320002,1.49921713006296,0.0,0.0,0.0,0.0,0.0,0.0,0.0,0.0,1.81436948,0.0,12714.420927285006,0.0,0.0,0.0,0.0,0.0,3113.4580276799998,57.152638620000005,300.73174131,2198.5622173900006,6276.811216060001,0.0,4456.99862762,0.0,0.0,0.0,0.0,0.0,0.0,887.68026809,0.0,0.0,0.0,0.0,0.0,0.0,0.0,0.0,0.0,0.0,0.0,0.0,0.0,0.0,0.0,0.0,0.0,0.0,0.0,0.0,0.0,0.0,0.0,0.0,0.0,0.0,0.0,0.0,0.0,0.0,0.0,0.0,0.0,0.0,0.0,0.0,0.0,0.0,0.0,0.0,0.0,0.0,0.0,0.0,4395.3100653,0.0,0.0,0.0,0.0,0.0,0.0,0.0,0.0,0.0,0.0,0.0,0.0,0.0,0.0,0.0,0.0,0.0,0.0,0.0,0.0,0.0,0.0,0.0,0.0,0.0,0.0,0.0,0.0,0.0,0.0,0.0,0.0,0.0,0.0,0.0,0.0,0.0,0.0,0.0,0.0,0.0,0.0,0.0,0.0,0.0,0.0,0.0,0.0,0.0,0.0,0.0,0.0,0.0,0.0,0.0,0.0,0.0,0.0,0.0,0.0,0.0,0.0,0.0,0.0,0.0,0.0,0.0,0.45359237,0.0,0.0,0.0,0.0,0.0,0.0,158.30373713,0.0,0.0,0.0,1241.0796627431512,0.0,0.0,16643.42828398904,0.0,339.6313693688299,0.0,0.0,0.0,0.0,5.4431084400000005,0.0,0.0,0.0,0.0,972.4366668260815,0.0,0.0,0.0,0.0,0.0,0.0,367.40981969999996
25025,61605.10132392001,0.0,0.0,0.0,0.0,0.0,0.0,0.0,0.0,0.0,0.0,0.0,0.0,0.0,0.0,0.0,0.0,0.0,0.0,0.0,0.0,0.0,0.0,0.0,0.0,0.0,0.0,0.0,0.0,0.0,0.0,0.0,0.0,0.0,0.0,0.0,0.0,0.0,0.0,0.0,15085.57504146,2389.52460516,252.65095009000004,31.297873530000004,0.0,1441.5165518599997,0.0,0.0,35458.8623128817,73672.39879984368,450416.76981763006,0.0,0.0,0.0,0.0,0.0,0.0,0.0,0.0,0.0,0.0,0.0,0.0,0.0,4891.99371045,0.0,0.0,0.0,0.0,0.0,0.0,0.0,0.0,0.0,0.0,0.0,0.0,0.0,19712.21721546,0.0,27081.278858479996,66694.8975950796,0.0,0.0,0.0,0.0,0.0,0.0,108518.79937591,10795.95199837,0.0,0.0,0.0,0.0,0.0,0.0,0.0,0.0,0.0,0.0,0.0,0.0,0.0,27292.199310530003,0.0,513164.01672921004,0.0,0.0,0.0,0.0,0.0,0.0,0.0,0.0,0.0,0.0,0.0,0.0,0.0,0.0,0.0,0.0,0.0,0.0,0.0,0.0,0.0,1451.9491763700003,0.0,0.0,0.0,0.0,0.0,0.0,0.0,0.0,0.0,0.0,0.0,0.0,0.0,0.0,40975.36589924208,0.0,0.0,0.0,0.0,0.0,0.0,0.0,0.0,0.0,0.0,0.0,72.57477920000001,0.0,0.0,0.0,0.0,0.0,0.0,0.0,0.0,0.0,0.0,0.0,18135.5800325007,0.0,0.0,0.0,0.0,0.0,0.0,0.0,0.0,0.0,0.0,0.0,157.85921660739996,0.0,0.0,0.0,0.0,0.0,0.0,0.0,0.0,0.0,0.0,0.0,0.0,54598.31347419451,0.0,0.0,0.0,0.0,0.0,0.0,0.0,0.0,0.0,0.0,0.0,0.0,0.0,0.0,0.0,0.0,0.0,0.0,0.0,0.0,0.0,0.0,0.0,0.0,0.0,0.0,0.0,0.0,0.0,0.0,0.0,0.0,173845.62609568,0.0,3661.39761064,13037.151898540002,0.0,0.0,0.0,0.0,0.0,0.0,441659.0092790899,0.0,0.0,28087.80032751,0.0,0.0,0.0,0.0,110159.15222549083,0.0,0.0,14551.615175343399,0.0,0.0,0.0,0.0,0.0,15.42214058,0.0,0.0,0.0,0.0,0.0,6037.3144447,221.35307656000003,0.0,0.0,0.0,0.0,0.0,0.0,0.0,0.0,0.0,0.0,0.0,0.0,0.0,0.0,0.0,0.0,0.0,0.0,0.0,0.0,0.0,0.0,0.0,0.0,0.0,0.0,0.0,428.64478965,0.0,0.0,0.0,0.0,0.0,0.0,0.0,0.0,0.0,0.0,0.0,0.0,0.0,0.0,0.0,0.0,0.0,0.0,0.0,0.0,0.0,0.0,0.0,0.0,0.0,0.0,0.0,0.0,0.0,0.0,52.72864323714349,0.0,0.0,0.0,0.0,0.0,0.0,0.0,0.0,0.0,0.0,0.0,0.0,0.0,0.0,0.0,0.0,0.0,0.0,0.0,0.0,0.0,0.0,0.0,0.0,0.0,0.0,0.0,0.0,0.0,0.0,0.0,0.0,0.0,0.0,0.0,0.0,0.0,0.0,0.0,0.0,0.0,0.0,0.0,0.0,0.0,0.0,0.0,0.0,0.0,0.0,0.0,0.0,0.0,0.0,0.0,0.0,0.0,0.0,0.0,0.0,0.0,0.0,0.0,0.0,0.0,0.0,0.0,0.0,0.0,0.0,0.0,282.13445414,0.0,0.0,0.0,0.0,0.0,0.0,0.0,0.0,0.0,16.78291769,0.0,0.0,0.0,0.0,0.0,394813.5274372166,0.0,0.0,0.0,0.0,0.0,0.0,0.0,205963.31494558463,0.0,0.0,0.0,0.0,0.0,0.0,0.0,0.0,0.0,0.0,0.0,0.0,0.0,0.0,0.0,0.0,0.0,0.0,0.0,0.0,0.0,0.0,0.0,0.0,0.0,0.0,0.0,0.0,0.0,0.0,0.0,0.0,0.0,0.0,0.0,0.0,0.0,0.0,0.0,0.0,0.0,0.0,0.0,0.0,0.0,0.0,0.0,0.0,0.0,0.0,0.0,0.0,0.0,0.0,0.0,0.0,8.832572934260536,3.6514185785000004,1.198073526881,4.0233643219,0.0,0.0,0.0,0.0,0.0,0.0,0.0,31.87847176360001,0.0,56.699046249999995,0.0,0.0,0.0,0.0,0.0,148297.4894478,31.751465900000003,0.0,802470.67342365,102690.13742141,0.0,2916.5989391000003,0.0,0.0,0.0,0.0,0.0,0.0,0.0,0.0,0.0,0.0,0.0,0.0,0.0,0.0,0.0,0.0,0.0,0.0,0.0,0.0,0.0,0.0,0.0,0.0,0.0,0.0,0.0,0.0,0.0,0.0,0.0,0.0,0.0,0.0,0.0,0.0,0.0,0.0,0.0,0.0,0.0,0.0,0.0,0.0,0.0,0.0,0.0,0.0,0.0,0.0,0.0,0.0,0.0,0.0,0.0,0.0,0.0,0.0,0.0,0.0,0.0,0.0,0.0,0.0,0.0,0.0,0.0,0.0,0.0,0.0,0.0,0.0,0.0,0.0,0.0,0.0,0.0,0.0,0.0,0.0,0.0,0.0,0.0,0.0,0.0,0.0,0.0,0.0,0.0,0.0,0.0,0.0,0.0,0.0,0.0,0.0,0.0,0.0,0.0,0.0,0.0,0.0,0.0,0.0,0.0,0.0,0.0,0.0,0.0,0.0,0.0,0.0,0.0,0.0,0.0,0.0,0.0,0.0,0.0,0.0,0.0,0.0,22.6796185,0.0,0.0,0.0,0.0,0.0,4489.7434608103,456.76751659,0.0,0.006973700000000002,0.0,675.8526313000001,0.0,2053.688034917827,0.0,45.722110896000004,9639.291454870001,0.0,1985.3738034900005,0.0,0.0,0.0,0.0,785.6591417661731,0.0,0.0,0.0,0.0,1810.28714867,0.0,677.440204595
25027,262578.20466096455,0.0,0.0,0.0,0.0,0.0,0.0,0.0,0.0,0.0,0.0,0.0,0.0,0.0,0.0,0.0,0.0,0.0,0.0,0.0,0.0,0.0,0.0,0.0,0.0,0.0,0.0,0.0,0.0,0.0,0.0,0.0,0.0,0.0,0.0,0.0,0.0,8505.244758976349,0.0,0.0,925060.2301675426,16064.42737592,458002.64861351,0.0,0.0,26953.411169376996,0.0,0.0,60579.07538298,0.0,1026071.3001770002,0.0,0.0,0.0,0.0,15085.57504146,0.0,0.0,0.0,0.0,0.0,0.0,7782.547375664601,0.0,301889.44965187454,0.0,3892.27612697,0.0,0.0,0.0,0.0,0.0,0.0,0.0,0.0,0.0,0.0,0.0,323.4612549707,0.0,0.0,0.0,0.0,0.0,0.0,0.0,0.0,0.0,663201.03291596,0.0,0.0,0.0,0.0,0.0,0.0,11388.34363359,0.0,0.0,0.0,0.0,0.0,0.0,0.0,867380.2949533414,0.0,482711.9995292318,25.537250430999997,476.4987846850001,0.0,0.0,0.136077711,0.0,0.0,0.0,0.0,6.814000659851,22.6796185,0.0,58126.04784602001,0.0,0.0,0.0,0.0,0.0,0.0,0.0,0.0,1065.48847713,0.0,0.0,0.0,0.0,0.0,0.0,0.0,0.0,0.0,0.0,0.0,0.0,0.0,0.0,4020.8242046279997,0.0,0.0,0.0,0.0,0.0,0.0,0.0,0.0,0.0,0.0,0.0,0.0,0.0,0.0,0.0,0.0,0.0,0.0,598.7419284000001,0.0,1018.3148706500001,0.0,0.0,2293.36302272,0.0,0.0,0.0,0.0,0.0,0.0,0.0,25.85476509,0.0,0.0,0.0,134.081904572,0.0,0.0,0.0,0.0,0.0,0.0,0.0,0.0,0.0,0.0,0.0,0.0,18019.63275088131,134482.42663471002,0.0,0.0,0.0,0.0,0.0,2721.55422,0.0,0.0,0.0,845.9497700500001,0.0,0.0,0.0,471.7360648,0.0,546674.5138400701,0.0,0.0,0.0,0.0,0.0,0.0,7.71107029,0.0,0.0,0.0,0.90718474,0.0,135.62411863000003,0.0,0.0,167107.05784696,0.0,30408.8324848,56360.29893216031,5030.7929756700005,0.0,11.33980925,0.0,0.0,0.0,2873263.8671229733,1697.79624091,0.0,201992.86063143113,0.0,0.0,373730.17578358005,0.0,2640.6124759429804,0.0,0.0,221674.03852101197,924.9655609039999,0.0,0.0,0.0,0.0,0.0,0.0,0.0,0.0,0.0,0.0,439.9392396629998,0.0,0.0,0.0,0.0,0.0,0.0,0.0,0.0,0.0,0.0,0.0,0.0,1966.5406482875999,0.0,0.0,0.0,0.0,0.0,0.0,0.0,0.0,9.979032140000001,0.0,26.30835746,0.0,0.0,0.0,0.0,74138.1125187472,0.0,0.0,0.0,0.0,0.0,0.0,0.0,0.0,0.0,0.0,0.0,0.0,0.0,0.0,0.0,0.0,0.0,0.0,0.0,0.0,950.72960752,10928.854562780001,0.0,0.0,0.0,0.0,0.0,0.0,0.0,0.0,114.691965687969,0.0,0.0,0.0,369.94993697200005,0.0,0.0,0.0,0.0,0.0,0.0,0.0,0.0,0.0,0.0,0.0,0.0,0.0,0.0,0.0,0.0,0.0,0.0,0.0,0.0,0.0,0.0,0.0,0.0,0.0,0.0,0.0,0.0,0.0,0.0,0.0,0.0,0.0,0.0,0.0,0.0,0.0,21.9311910895,0.0,0.0,0.0,0.0,0.0,0.0,0.0,0.0,0.0,0.0,0.0,0.0,0.0,0.0,0.0,0.0,0.0,0.0,0.0,0.0,0.0,0.0,0.0,0.0,0.0,0.0,0.0,0.0,0.0,9818.582910959904,0.0,31.297873529999997,0.0,0.0,0.0,0.0,0.0,0.0,635.029318,403711.27066347003,0.0,0.0,0.0,0.0,0.0,396369.14333538065,0.0,0.0,0.000317514659,382978.01702314004,0.0,0.0,0.0,359.48556099610005,0.0,0.0,0.0,662.018064015,0.0,0.0,0.0,0.0,0.0,0.0,0.0,0.0,0.0,0.0,0.0,0.0,0.0,0.0,0.0,0.0,0.0,0.0,0.0,0.0,0.0,0.0,0.0,0.0,0.0,0.0,0.0,0.0,0.0,0.0,0.0,0.0,0.0,0.0,0.0,0.0,0.0,0.0,0.0,0.0,0.0,0.0,0.0,0.0,0.0,0.0,0.0,0.0,0.0,0.0,0.0,725.747792,206694.79319098507,2085.1641248900005,1.1022294591,10533.140579192,0.0,0.0,0.0,0.0,0.0,0.0,0.0,59984.08919940359,421.38731173,72502.63533355152,0.0,0.0,0.0,0.0,0.0,100037.52924165002,11128.43520558,33574.9072274,661148.6982192372,214815.90332356008,0.0,130522.11165224006,0.0,1.81436948,0.0,0.0,0.0,0.0,711.8814732491002,0.0,0.0,0.0,0.0,0.0,0.0,0.0,0.0,0.0,0.0,0.0,0.0,0.0,0.0,0.0,0.0,0.0,0.0,0.0,0.0,0.0,0.0,0.0,0.0,0.0,0.0,0.0,0.0,0.0,0.0,0.0,0.0,0.0,0.0,0.0,0.0,0.0,0.0,0.0,0.0,0.0,0.0,0.0,0.0,0.0,0.0,0.0,0.0,0.0,0.0,0.0,0.0,0.0,0.0,0.0,0.0,0.0,0.0,0.0,0.0,0.0,0.0,0.0,0.0,0.0,0.0,0.0,0.0,0.0,0.0,0.0,0.0,0.0,0.0,0.0,0.0,0.0,0.0,0.0,0.0,0.0,0.0,0.0,0.0,0.0,0.0,0.0,0.0,0.0,0.0,0.0,0.0,0.0,0.0,0.0,0.0,0.0,0.0,0.0,0.0,0.0,0.0,0.0,0.0,0.0,0.0,0.0,0.0,0.0,0.0,0.0,0.0,67413.63284903941,19022.212638293717,0.0,1538.1317266700007,0.0,215.45637575,0.0,8653.816671808001,111.50116920866002,1093.1666835474,268.07309067,262.70255700919995,0.0,0.0,157740.49515484564,0.0,17983.80731471946,0.90718474,0.0,426.9664978810001,0.0,44863.133953083605,0.0,0.0,0.0,0.0,12206.97208905171,2.7215542200000002,0.0,0.0,0.0,0.0,0.0,18110.022279694575
