TRIFID,FACILITY,LATITUDE,LONGITUDE,STATEGEOID,FACILITY_NAME,STREET,CITY,COUNTYGEOID,STUSPS,ZIP_CODE,FAC_CLOSED_IND,ASGN_FEDERAL_IND,BIA_CODE,EPA_REGISTRY_ID,ESTIMATE
06033PRJCT65SEQ,"PROJECTS INC 65 SEQUIN DR, GLASTONBURY, CT, 6033",,,09,PROJECTS INC,65 SEQUIN DR,GLASTONBURY,09003,CT,6033,0,C,,,True
06357THHMW26IND,"OHMWEVE CO INC 26 INDUSTRIAL RD, NIANTIC, CT, 6357",,,09,OHMWEVE CO INC,26 INDUSTRIAL RD,NIANTIC,09011,CT,6357,0,C,,,True
06473DTDCM80DEF,"DATA DOCUMENTS INC 80 DEFCO PARK RD, NORTH HAVEN, CT, 6473",,,09,DATA DOCUMENTS INC,80 DEFCO PARK RD,NORTH HAVEN,09009,CT,6473,0,C,,,True
06484LLSNB875BR,"ALLISON ABRASIVES INC 875 BRIDGEPORT AVE, SHELTON, CT, 6484",,,09,ALLISON ABRASIVES INC,875 BRIDGEPORT AVE,SHELTON,09001,CT,6484,0,C,,,True
0661WZPPPR1BENT,"ZAPP PRECISION STRIP INC 100 BENTON ST, STRATFORD, CT, 6615",,,09,ZAPP PRECISION STRIP INC,100 BENTON ST,STRATFORD,09001,CT,6615,0,C,,110070247096,True
