TRIFID,FACILITY,LATITUDE,LONGITUDE,STATEGEOID,FACILITY_NAME,STREET,CITY,COUNTYGEOID,STUSPS,ZIP_CODE,FAC_CLOSED_IND,ASGN_FEDERAL_IND,BIA_CODE,EPA_REGISTRY_ID,ESTIMATE
3316WZNGRD1731N,"OZINGA READY MIX-GOLDEN GLADES 17301 NW 2ND AVE, MIAMI, FL, 33169",,,12,OZINGA READY MIX-GOLDEN GLADES,17301 NW 2ND AVE,MIAMI,12086,FL,33169,0,C,,,True
33172GTWYW11125,"GATEWAY WAREHOUSE 11125 NW 29TH ST, DORAL, FL, 33172",,,12,GATEWAY WAREHOUSE,11125 NW 29TH ST,DORAL,12086,FL,33172,0,C,,110041626032,True
33178FLRXX11000,"FLOREX EXPLOSIVES INC 11000 NW 121ST WAY, MIAMI, FL, 33178",,,12,FLOREX EXPLOSIVES INC,11000 NW 121ST WAY,MIAMI,12086,FL,33178,0,C,,,True
3386WLFRDC1735I,"ALFRED CONHAGEN INC. OF FLORIDA 1735 INDUSTRIAL PARK ROAD, MULBERRY, FL, 33860",,,12,ALFRED CONHAGEN INC. OF FLORIDA,1735 INDUSTRIAL PARK ROAD,MULBERRY,12105,FL,33860,0,C,,110005612916,True
33870DRNND10555,"DRN IND INC 10555 US HWY 98, SEBRING, FL, 33870",,,12,DRN IND INC,10555 US HWY 98,SEBRING,12055,FL,33870,0,C,,,True
34449FLRXXRT19N,"FLOREX EXPLOSIVES INC RT 19 NORTH BEHIND INDEPENDENT AGGRAGATES QUARRY, INGLIS, FL, 34449",,,12,FLOREX EXPLOSIVES INC,RT 19 NORTH BEHIND INDEPENDENT AGGRAGATES QUARRY,INGLIS,12075,FL,34449,0,C,,,True
3467WSYNRG41CMM,"SYNERGY HEALTH AST LLC 401 COMMERCE BLVD, OLDSMAR, FL, 34677",,,12,SYNERGY HEALTH AST LLC,401 COMMERCE BLVD,OLDSMAR,12103,FL,34677,0,C,,110060259973,True
