TRIFID,FACILITY,LATITUDE,LONGITUDE,STATEGEOID,FACILITY_NAME,STREET,CITY,COUNTYGEOID,STUSPS,ZIP_CODE,FAC_CLOSED_IND,ASGN_FEDERAL_IND,BIA_CODE,EPA_REGISTRY_ID,ESTIMATE
30120FLRGR1INDU,"FLOORGRAPHIX INC 1 INDUSTRIAL DR, CARTERSVILLE, GA, 30120",,,13,FLOORGRAPHIX INC,1 INDUSTRIAL DR,CARTERSVILLE,13015,GA,30120,0,C,,,True
3033WBRDDC15LAG,"BRADDOCK METALLURGICAL - GA 1050 LAGRANGE BLVD SW, ATLANTA, GA, 30336",,,13,BRADDOCK METALLURGICAL - GA,1050 LAGRANGE BLVD SW,ATLANTA,13121,GA,30336,0,C,,,True
30720DMNDBANTIO,"DIAMOND BAC ANTIOCH RD, DALTON, GA, 30720",,,13,DIAMOND BAC,ANTIOCH RD,DALTON,13313,GA,30720,0,C,,,True
31709CNTNR110MA,"CONTAINER MARKETING 110 MATHEWS DR, AMERICUS, GA, 31709",,,13,CONTAINER MARKETING,110 MATHEWS DR,AMERICUS,13261,GA,31709,0,C,,,True
