TRIFID,FACILITY,LATITUDE,LONGITUDE,STATEGEOID,FACILITY_NAME,STREET,CITY,COUNTYGEOID,STUSPS,ZIP_CODE,FAC_CLOSED_IND,ASGN_FEDERAL_IND,BIA_CODE,EPA_REGISTRY_ID,ESTIMATE
40065MCRPH685MI,"AMCOR PHARMACEUTICAL PACKAGING USA INC 6850 MIDLAND INDUSTRIAL DR, SHELBYVILLE, KY, 40065",,,21,AMCOR PHARMACEUTICAL PACKAGING USA INC,6850 MIDLAND INDUSTRIAL DR,SHELBYVILLE,21211,KY,40065,0,C,,110040445051,True
40392LNBTT25CAR,"ALE 8 ONE BOTTLING CO 25 CAROL RD, WINCHESTER, KY, 40392",,,21,ALE 8 ONE BOTTLING CO,25 CAROL RD,WINCHESTER,21049,KY,40392,0,C,,,True
4109WMSSSS525HA,"MISSISSIPPI LIME COMPANY - VERONA PLANT 525 HANCE ROAD, VERONA, KY, 41092",,,21,MISSISSIPPI LIME COMPANY - VERONA PLANT,525 HANCE ROAD,VERONA,21077,KY,41092,0,C,,110040366065,True
42053SDPDC56HBB,"US DOE PADUCAH SITE-MCS DUF6 5509 HOBBS RD, KEVIL, KY, 42053",,,21,US DOE PADUCAH SITE-MCS DUF6,5509 HOBBS RD,KEVIL,21145,KY,42053,0,G,,110060257671,True
42408TTNHMRTE1B,"OTTENHEIMER & CO INC RTE 1 BOX 40, HWY 109, DAWSON SPRINGS, KY, 42408",,,21,OTTENHEIMER & CO INC,"RTE 1 BOX 40, HWY 109",DAWSON SPRINGS,21107,KY,42408,0,C,,,True
4260WCBBVN1475B,"COBB-VANTRESS INC - FEED MILL 1475 BURKESVILLE RD, ALBANY, KY, 42602",,,21,COBB-VANTRESS INC - FEED MILL,1475 BURKESVILLE RD,ALBANY,21053,KY,42602,0,C,,,True
