TRIFID,FACILITY,LATITUDE,LONGITUDE,STATEGEOID,FACILITY_NAME,STREET,CITY,COUNTYGEOID,STUSPS,ZIP_CODE,FAC_CLOSED_IND,ASGN_FEDERAL_IND,BIA_CODE,EPA_REGISTRY_ID,ESTIMATE
01041WLTRD85SAR,"WALTER DRAKE INC 85 SARGEANT ST, HOLYOKE, MA, 1041",,,25,WALTER DRAKE INC,85 SARGEANT ST,HOLYOKE,25013,MA,1041,0,C,,,True
01756TCHNCPOBOX,"TECHNICAL METAL FABRICATORS, INC 134 UXBRIDGE RD, MENDON, MA, 17561217",,,25,"TECHNICAL METAL FABRICATORS, INC",134 UXBRIDGE RD,MENDON,25027,MA,17561217,0,C,,,True
0184WRPPCR12BAL,"RPP CORP 12 BALLARD WAY, LAWRENCE, MA, 1843",,,25,RPP CORP,12 BALLARD WAY,LAWRENCE,25009,MA,1843,0,C,,110043942892,True
0191WNWNGL87HAV,"SHEA CONCRETE PRODUCTS 87 HAVERHILL ROAD, AMESBURY, MA, 1913",,,25,SHEA CONCRETE PRODUCTS,87 HAVERHILL ROAD,AMESBURY,25009,MA,1913,0,C,,110003482491,True
01950BXBYNONEPR,"BIXBY INTERNATIONAL CORP ONE PREBLE RD, NEWBURYPORT, MA, 1950",,,25,BIXBY INTERNATIONAL CORP,ONE PREBLE RD,NEWBURYPORT,25009,MA,1950,0,C,,,True
02478BLMNT45CNC,"BELMONT MUNICIPAL LIGHT DEPARTMENT SUBSTATION 1 450 CONCORD AVE, BELMONT, MA, 2478",,,25,BELMONT MUNICIPAL LIGHT DEPARTMENT SUBSTATION 1,450 CONCORD AVE,BELMONT,25017,MA,2478,0,C,,,True
02478BLMNT4PRIN,"BELMONT MUNICIPAL LIGHT DEPARTMENT STORAGE YARD 40 PRINCE ST, BELMONT, MA, 2478",,,25,BELMONT MUNICIPAL LIGHT DEPARTMENT STORAGE YARD,40 PRINCE ST,BELMONT,25017,MA,2478,0,C,,,True
02478BLMNTAKLEY,"BELMONT MUNICIPAL LIGHT DEPARTMENT SUBSTATION 2 OAKLEY RD, BELMONT, MA, 2478",,,25,BELMONT MUNICIPAL LIGHT DEPARTMENT SUBSTATION 2,OAKLEY RD,BELMONT,25017,MA,2478,0,C,,,True
02478BLMNTHITTI,"BELMONT MUNICIPAL LIGHT DEPARTMENT SUBSTATION 3 HITTINGER ST, BELMONT, MA, 2478",,,25,BELMONT MUNICIPAL LIGHT DEPARTMENT SUBSTATION 3,HITTINGER ST,BELMONT,25017,MA,2478,0,C,,,True
