TRIFID,FACILITY,LATITUDE,LONGITUDE,STATEGEOID,FACILITY_NAME,STREET,CITY,COUNTYGEOID,STUSPS,ZIP_CODE,FAC_CLOSED_IND,ASGN_FEDERAL_IND,BIA_CODE,EPA_REGISTRY_ID,ESTIMATE
48084RVMNT894MA,"ARVINMENTOR 894 MAPLELAWN, TROY, MI, 48084",,,26,ARVINMENTOR,894 MAPLELAWN,TROY,26125,MI,48084,0,C,,,True
48170GTCNC42330,"GATCO INC 42330 ANN ARBOR RD, PLYMOUTH, MI, 48170",,,26,GATCO INC,42330 ANN ARBOR RD,PLYMOUTH,26163,MI,48170,0,C,,,True
48231DTRTF1201W,"DETROIT FREE PRESS GARAGE 1201 W LAFAYETTE, DETROIT, MI, 48231",,,26,DETROIT FREE PRESS GARAGE,1201 W LAFAYETTE,DETROIT,26163,MI,48231,0,C,,,True
48326BBNCX125BR,"ABB INC 1250 BROWN RD, AUBURN HILLS, MI, 48326",,,26,ABB INC,1250 BROWN RD,AUBURN HILLS,26125,MI,48326,0,C,,,True
48326RLCND272AU,"RALCO INDUSTRIES 2720 AUBURN CT, AUBURN HILLS, MI, 48326",,,26,RALCO INDUSTRIES,2720 AUBURN CT,AUBURN HILLS,26125,MI,48326,0,C,,,True
48763STRTS610OA,"STRAITS WOOD TREATING 610 OAK ST, TAWAS CITY, MI, 48763",,,26,STRAITS WOOD TREATING,610 OAK ST,TAWAS CITY,26069,MI,48763,0,C,,,True
49095BVCND17321,"BIVOUAC IND INC 17321 M-60 E, VANDALIA, MI, 49095",,,26,BIVOUAC IND INC,17321 M-60 E,VANDALIA,26027,MI,49095,1,C,,,True
4942WGRYND3325W,"GRAY & CO 3325 W POLK RD, HART, MI, 49420",,,26,GRAY & CO,3325 W POLK RD,HART,26127,MI,49420,0,C,,110015805967,True
49504MSSLN960FR,"MASSELINK ELECTRO PLATING CO 960 FRONT AVE SE, GRAND RAPIDS, MI, 49504",,,26,MASSELINK ELECTRO PLATING CO,960 FRONT AVE SE,GRAND RAPIDS,26081,MI,49504,0,C,,,True
