TRIFID,FACILITY,LATITUDE,LONGITUDE,STATEGEOID,FACILITY_NAME,STREET,CITY,COUNTYGEOID,STUSPS,ZIP_CODE,FAC_CLOSED_IND,ASGN_FEDERAL_IND,BIA_CODE,EPA_REGISTRY_ID,ESTIMATE
5540WSTRKL41RYA,"STARK ELECTRONICS/ABSOLUTE QUALITY 401 ROYALSTON AVE N, MINNEAPOLIS, MN, 55405",,,27,STARK ELECTRONICS/ABSOLUTE QUALITY,401 ROYALSTON AVE N,MINNEAPOLIS,27053,MN,55405,0,C,,110063864956,True
5542WZGLRN91W94,"ZIEGLER INC 901 W 94TH ST, MINNEAPOLIS, MN, 55420",,,27,ZIEGLER INC,901 W 94TH ST,MINNEAPOLIS,27053,MN,55420,0,C,,110070070326,True
56001YRRNDHGWY1,"YEAR A ROUND CORP HWY 169 N, MANKATO, MN, 56001",,,27,YEAR A ROUND CORP,HWY 169 N,MANKATO,27013,MN,56001,0,C,,,True
5626WSPRRN315EA,"SUPERIOR INDUSTRIES LLC 315 E HIGHWAY 28, MORRIS, MN, 56267",,,27,SUPERIOR INDUSTRIES LLC,315 E HIGHWAY 28,MORRIS,27149,MN,56267,0,C,,110067129011,True
56379BRLYB4787S,"BAUERLY BROTHERS INC PLANTS 1 2 3 4 4787 SHADOW WOOD DR NE, SAUK RAPIDS, MN, 56379",,,27,BAUERLY BROTHERS INC PLANTS 1 2 3 4,4787 SHADOW WOOD DR NE,SAUK RAPIDS,27009,MN,56379,0,C,,,True
56601BMDJB5151H,"BEMIDJI BLACKTOP 5151 HWY 2 W, BEMIDJI, MN, 56601",,,27,BEMIDJI BLACKTOP,5151 HWY 2 W,BEMIDJI,27007,MN,56601,0,C,,,True
