TRIFID,FACILITY,LATITUDE,LONGITUDE,STATEGEOID,FACILITY_NAME,STREET,CITY,COUNTYGEOID,STUSPS,ZIP_CODE,FAC_CLOSED_IND,ASGN_FEDERAL_IND,BIA_CODE,EPA_REGISTRY_ID,ESTIMATE
27419SNCPR520CP,"SONOCO PRODS CO 520 COOK RD, GREENSBORO, NC, 27419",,,37,SONOCO PRODS CO,520 COOK RD,GREENSBORO,37081,NC,27419,0,C,,,True
28220PN6103400P,"PAN GLO CHARLOTTE 3400 PELTON DR, CHARLOTTE, NC, 28220",,,37,PAN GLO CHARLOTTE,3400 PELTON DR,CHARLOTTE,37119,NC,28220,0,C,,,True
2851WPRCSN196N4,"PRECISION HYDRAULIC CYLINDERS 196 N 41 HIGHWAY, BEULAVILLE, NC, 28518",,,37,PRECISION HYDRAULIC CYLINDERS,196 N 41 HIGHWAY,BEULAVILLE,37061,NC,28518,0,C,,110070244772,True
28601BRBRS2055M,"BARBER SPRING MANUFACTURING CO 2055 MAIN AVE SE, HICKORY, NC, 28601",,,37,BARBER SPRING MANUFACTURING CO,2055 MAIN AVE SE,HICKORY,37035,NC,28601,0,C,,,True
28694DRPPP159NO,"DR PEPPER BOTTLING CO 159 N 3RD AVE, WEST JEFFERSON, NC, 28694",,,37,DR PEPPER BOTTLING CO,159 N 3RD AVE,WEST JEFFERSON,37009,NC,28694,0,C,,,True
