TRIFID,FACILITY,LATITUDE,LONGITUDE,STATEGEOID,FACILITY_NAME,STREET,CITY,COUNTYGEOID,STUSPS,ZIP_CODE,FAC_CLOSED_IND,ASGN_FEDERAL_IND,BIA_CODE,EPA_REGISTRY_ID,ESTIMATE
15239RBCNC100SA,"ROBICON CORP 100 SAGAMORE HILL RD, PITTSBURGH, PA, 15239",,,42,ROBICON CORP,100 SAGAMORE HILL RD,PITTSBURGH,42003,PA,15239,0,C,,,True
15342CCLLN149JH,"ACCELLENT INC 149 JOHNSON RD, HOUSTON, PA, 15342",,,42,ACCELLENT INC,149 JOHNSON RD,HOUSTON,42125,PA,15342,0,C,,110017818361,True
16110GRVNDRT18X,"GUARANTEE SPECIALTIES INC GARVIN DIV RT 18, ADAMSVILLE, PA, 16110",,,42,GUARANTEE SPECIALTIES INC GARVIN DIV,RT 18,ADAMSVILLE,42039,PA,16110,0,C,,,True
16365GGGMT148PE,"GGG METAL SPECIALTIES INC 1408 PENNSYLVANIA AVE W, WARREN, PA, 16365",,,42,GGG METAL SPECIALTIES INC,1408 PENNSYLVANIA AVE W,WARREN,42123,PA,16365,0,C,,,True
17233JLGND221SU,"JLG INDUSTRIES INC 221 SUCCESS DR, MC CONNELLSBURG, PA, 17233",,,42,JLG INDUSTRIES INC,221 SUCCESS DR,MC CONNELLSBURG,42057,PA,17233,0,C,,,True
17540RSSNG98EMA,"ROSS ENGINEERING CO 98 E MAIN ST, LEOLA, PA, 17540",,,42,ROSS ENGINEERING CO,98 E MAIN ST,LEOLA,42071,PA,17540,0,C,,,True
1860WMXFRD237MI,"MOXIE FREEDOM 237 MINGLE INN RD, BERWICK, PA, 18603",,,42,MOXIE FREEDOM,237 MINGLE INN RD,BERWICK,42079,PA,18603,0,G,,110070525488,True
19348TYLRL219BI,"TAYLOR OIL & PROPANE INC 219 BIRCH ST, KENNETT SQUARE, PA, 19348",,,42,TAYLOR OIL & PROPANE INC,219 BIRCH ST,KENNETT SQUARE,42029,PA,19348,0,C,,,True
