TRIFID,FACILITY,LATITUDE,LONGITUDE,STATEGEOID,FACILITY_NAME,STREET,CITY,COUNTYGEOID,STUSPS,ZIP_CODE,FAC_CLOSED_IND,ASGN_FEDERAL_IND,BIA_CODE,EPA_REGISTRY_ID,ESTIMATE
37406SFTYK413SC,"SAFETY-KLEEN SYSTEMS (301904) 4130 S CREEK RD, CHATTANOOGA, TN, 37406",,,47,SAFETY-KLEEN SYSTEMS (301904),4130 S CREEK RD,CHATTANOOGA,47065,TN,37406,0,C,,,True
37644STTNNELIZA,"EAST TENNESSEE CHAIR CO INC ELIZABETHTON INDUSTRIAL PARK, INDUSTRIAL DR, ELIZABETHTON, TN, 376446160",,,47,EAST TENNESSEE CHAIR CO INC,"ELIZABETHTON INDUSTRIAL PARK, INDUSTRIAL DR",ELIZABETHTON,47019,TN,376446160,0,C,,,True
37744KRFTNBOHAA,"KRAFT INC BOHANNON AVE, GREENEVILLE, TN, 37744",,,47,KRAFT INC,BOHANNON AVE,GREENEVILLE,47059,TN,37744,0,C,,,True
3783WPRTMT11LAR,"PROTOMET CORP 1010 LARSON DR, OAK RIDGE, TN, 37830",,,47,PROTOMET CORP,1010 LARSON DR,OAK RIDGE,47001,TN,37830,0,C,,,True
37854KYSRR425NG,"KAYSER-ROTH CORP 425 N GATEWAY AVE, ROCKWOOD, TN, 37854",,,47,KAYSER-ROTH CORP,425 N GATEWAY AVE,ROCKWOOD,47145,TN,37854,0,C,,,True
