TRIFID,FACILITY,LATITUDE,LONGITUDE,STATEGEOID,FACILITY_NAME,STREET,CITY,COUNTYGEOID,STUSPS,ZIP_CODE,FAC_CLOSED_IND,ASGN_FEDERAL_IND,BIA_CODE,EPA_REGISTRY_ID,ESTIMATE
98107CGLVN621NW,"ACE GALVANIZING INC 621 NW 41ST ST, SEATTLE, WA, 98107",,,53,ACE GALVANIZING INC,621 NW 41ST ST,SEATTLE,53033,WA,98107,0,C,,,True
9810WSLVRF2226Q,"SILVER FERN CHEMICAL 2226 QUEEN ANNE AVE N., SEATTLE, WA, 98109",,,53,SILVER FERN CHEMICAL,2226 QUEEN ANNE AVE N.,SEATTLE,53033,WA,98109,0,C,,110056966546,True
98903RCHRD1615W,"ORCHARD-RITE LTD INC 1615 W AHTANUM BLVD, UNION GAP, WA, 98903",,,53,ORCHARD-RITE LTD INC,1615 W AHTANUM BLVD,UNION GAP,53077,WA,98903,0,C,,,True
9935WSDPTF3335Q,"US DEPT OF ENERGY OFFICE OF SCIENCE, PNNL SITE 3335 Q AVENUE, RICHLAND, WA, 99354",,,53,"US DEPT OF ENERGY OFFICE OF SCIENCE, PNNL SITE",3335 Q AVENUE,RICHLAND,53005,WA,99354,0,C,,110043694990,True
